Time (seconds since epoch),Left (mL),Right (mL),Avg Diff (mL)
1691493342.7665431,nan,nan,nan
1691493347.7721984,12.66622298382675,11.394032633326463,1.2721903505002867
1691493352.7878268,12.597994446597156,11.324248974634488,1.273745471962668
1691493357.8124332,12.599779428831523,11.309628831822234,1.2901505970092888
1691493362.8370478,12.584841087321356,11.292009517782132,1.2928315695392243
1691493367.8786037,12.515150458892943,11.228958363478752,1.2861920954141919
1691493372.9032092,12.399599908484163,11.126764036726192,1.2728358717579713
1691493377.9108603,12.322858888070762,11.057074521962655,1.2657843661081074
1691493382.9514256,12.240196070994498,10.98260710727693,1.2575889637175681
1691493387.9630928,12.179567012052276,10.908992282786041,1.2705747292662348
1691493392.9767034,12.135749528437588,10.83243937173775,1.3033101566998369
1691493398.0212746,12.100414485455788,10.776309306732136,1.3241051787236522
1691493403.0418735,12.05644994357408,10.718330809266028,1.3381191343080516
1691493408.09341,11.97449569460005,10.608813894404781,1.3656818001952686
1691493413.1140277,11.902441795925037,10.506024213780563,1.3964175821444744
1691493418.1376355,11.829679354814065,10.392370517679055,1.43730883713501
1691493423.175208,11.779693165355228,10.282114498440663,1.4975786669145652
1691493428.2018278,11.76548837823237,10.190766510143575,1.574721868088794
1691493433.2453907,11.779922924547423,10.132918376466785,1.6470045480806377
1691493438.2825034,11.815834350703543,10.058299992332161,1.757534358371382
1691493443.3277748,11.847163786462731,10.001490995391407,1.8456727910713244
1691493448.3449717,11.879727344873423,9.957920911701772,1.9218064331716516
1691493453.364516,11.936829625844299,9.916708608990838,2.0201210168534605
1691493458.3776054,11.98298342716189,9.873893267308723,2.1090901598531673
1691493463.3949723,12.05083524382723,9.838143773673723,2.2126914701535068
1691493468.4428678,12.119617311515057,9.810775256427426,2.3088420550876307
1691493473.452534,12.204271170188,9.782833683150498,2.421437487037501
1691493478.4833395,12.278899775084103,9.768066260069794,2.5108335150143084
1691493483.50325,12.333770474331883,9.756196187399288,2.5775742869325953
1691493488.522206,12.391393273985484,9.735097320362852,2.6562959536226316
1691493493.5567703,12.461958800235646,9.710017706911072,2.7519410933245734
1691493498.608388,12.498441551530528,9.704774077575518,2.7936674739550096
1691493503.6263723,12.567935486055976,9.69188639424562,2.8760490918103567
1691493508.664941,12.62676551407986,9.674417744074955,2.9523477700049057
1691493513.6895452,12.656094637300711,9.673738840989259,2.9823557963114524
1691493518.7329102,12.674218935345566,9.675623239402073,2.998595695943493
1691493523.7807155,12.661979922587271,9.681919491605298,2.9800604309819736
1691493528.790002,12.642666434509385,9.676955734874067,2.965710699635318
1691493533.8111837,12.597173551068487,9.683472051080827,2.91370149998766
1691493538.858222,12.513008211370853,9.689332871525078,2.8236753398457743
1691493543.9016492,12.4281960186293,9.696028565311032,2.7321674533182687
1691493548.9460936,12.310983404202391,9.721507422042704,2.589475982159687
1691493553.9773643,12.196275518975908,9.747282582497641,2.448992936478266
1691493559.0197263,12.082396217269524,9.77301747784197,2.3093787394275545
1691493564.0377386,11.961535262358158,9.81005506894424,2.151480193413917
1691493569.0632334,11.850919057200475,9.852849413847206,1.9980696433532685
1691493574.0987422,11.742033670674003,9.888595433749932,1.8534382369240703
1691493579.1513402,11.665925619430812,9.936975728596636,1.7289498908341763
1691493584.19343,11.68447265786845,9.99622072206683,1.6882519358016204
1691493589.2327516,11.718098144099477,10.034644961607702,1.6834531824917747
1691493594.2504356,11.785213095327403,10.078503249987222,1.7067098453401819
1691493599.264147,11.900900588001926,10.121115256183412,1.7797853318185144
1691493604.3047159,12.029315431208259,10.158401815908894,1.870913615299365
1691493609.3447003,12.175722657589835,10.189483966591391,1.9862386909984444
1691493614.3894348,12.316374351181258,10.218557539698152,2.0978168114831064
1691493619.4053764,12.465655374721742,10.24673417342024,2.2189212013015016
1691493624.449141,12.608218463589473,10.268266096944993,2.3399523666444804
1691493629.456469,12.74187103259175,10.285626987160027,2.4562440454317223
1691493634.4985018,12.88116186019085,10.30232717237316,2.5788346878176913
1691493639.5316758,12.995445463546814,10.291607910114573,2.7038375534322405
1691493644.5768576,13.038469829605244,10.285923175098723,2.7525466545065207
1691493649.627843,13.079781176102792,10.290919278117041,2.7888618979857505
1691493654.6784177,13.095439633435513,10.287372910596906,2.808066722838607
1691493659.6907392,13.097995271161006,10.281086911155807,2.8169083600051987
1691493664.733146,13.098722635012198,10.277250113463346,2.821472521548852
1691493669.73799,13.096919422414194,10.27311017744471,2.8238092449694836
1691493674.7634714,13.096080034422778,10.269098914756096,2.826981119666682
1691493679.8074949,13.094629316705362,10.26271167594299,2.831917640762372
1691493684.834003,13.09362260079943,10.258265605407992,2.8353569953914377
1691493689.8744147,13.093178883219869,10.255563472584559,2.83761541063531
1691493694.9051807,13.09192204103399,10.252171581684246,2.8397504593497445
1691493699.9476275,13.091966767224779,10.248401498113836,2.843565269110943
1691493704.9766953,13.092037047294406,10.24849787438787,2.843539172906537
1691493710.0178156,13.092196652184375,10.248989190016855,2.84320746216752
1691493715.0575438,13.092371914867838,10.248133782518924,2.8442381323489148
1691493720.0871391,13.092643434436722,10.247803825633031,2.8448396088036905
1691493725.0987768,13.093296035867011,10.248004795512571,2.84529124035444
1691493730.1343822,13.093995444064817,10.248937407563957,2.845058036500859
1691493735.146992,13.094377349930713,10.250131549061924,2.844245800868789
1691493740.1785786,13.095085830953778,10.251715757268107,2.843370073685671
1691493745.2281501,13.0955937752234,10.252979873905439,2.8426139013179608
1691493750.2607837,13.095222867984244,10.253438967568954,2.8417839004152903
1691493755.2817194,13.095846372584633,10.254246450604162,2.841599921980471
1691493760.2994797,13.096320518416205,10.255878061612014,2.8404424568041904
1691493765.3399343,13.095956438034648,10.254870427659807,2.841086010374841
1691493770.3874774,13.095845696574125,10.255985258444102,2.8398604381300228
1691493775.4130812,13.096268290639378,10.26006952069387,2.836198769945508
1691493780.430704,13.096561001636353,10.261761303014062,2.834799698622291
1691493785.4433405,13.096475682921257,10.263232693455775,2.8332429894654823
1691493790.4693608,13.096225268265474,10.263008818276681,2.833216449988793
1691493795.4936104,13.09581472361164,10.263250115481227,2.832564608130413
1691493800.5389414,13.095433626821547,10.263254658131295,2.8321789686902523
1691493805.5554097,13.094953719420774,10.263472448687523,2.831481270733251
1691493810.575642,13.095105555185794,10.264259740309534,2.8308458148762607
1691493815.601407,13.094858122999035,10.264767160347015,2.8300909626520205
1691493820.6104221,13.094899486470272,10.26475544805253,2.8301440384177425
1691493825.632449,13.09601484310235,10.267433059748921,2.82858178335343
1691493830.6610427,13.096589970375836,10.267296038103327,2.8292939322725097
1691493835.6919827,13.096918857940688,10.265727967203631,2.831190890737057
1691493840.7331738,13.098857908772722,10.268078967666922,2.8307789411058
1691493845.7404764,13.098771838397258,10.273569317452132,2.825202520945126
1691493850.7795997,13.09940173451583,10.276907354831497,2.8224943796843327
1691493855.8028092,13.097117081629992,10.279208743298048,2.8179083383319448
1691493860.831717,13.094370065218616,10.28071371913748,2.8136563460811352
1691493865.8501644,13.091476245226836,10.281255990319117,2.810220254907719
1691493870.8567753,13.088300887227408,10.282632459676055,2.8056684275513533
1691493875.8913522,13.084741696048383,10.284586825359693,2.80015487068869
1691493880.9269328,13.081474114361729,10.286073236383986,2.795400877977743
1691493885.9615347,13.077647487455861,10.287096880552141,2.79055060690372
1691493890.9766958,13.074016564042303,10.288830562487314,2.7851860015549885
1691493895.9941611,13.070333772030859,10.291214266749375,2.779119505281484
1691493901.0375261,13.064899649032457,10.29161594435764,2.7732837046748173
1691493906.059521,13.06268749963063,10.289864591290254,2.772822908340377
1691493911.104665,13.061368926144771,10.288417329351278,2.7729515967934937
1691493916.1430473,13.065435734789542,10.28922770399797,2.7762080307915724
1691493921.1491003,13.068825061882741,10.290038859608844,2.7787862022738974
1691493926.192258,13.070283791786768,10.29072565235948,2.7795581394272872
1691493931.2387583,13.071940215519788,10.289057377677105,2.782882837842683
1691493936.2585866,13.073709210878706,10.285434909149975,2.7882743017287304
1691493941.305844,13.074926258214871,10.283206940594667,2.7917193176202044
1691493946.3297791,13.076275007348524,10.280793876562077,2.795481130786447
1691493951.355346,13.077659117708032,10.278489938418158,2.7991691792898745
1691493956.3830075,13.079060886969842,10.274908104650214,2.804152782319628
1691493961.4155688,13.080513044662274,10.270248149131362,2.8102648955309117
1691493966.4678886,13.081793897084165,10.26608987390709,2.8157040231770747
1691493971.5164323,13.080948894607662,10.264475072122659,2.816473822485003
1691493976.5638413,13.078028493656042,10.260219763903763,2.8178087297522794
1691493981.612789,13.075947469474142,10.257108593520265,2.818838875953878
1691493986.6538463,13.076290673387316,10.255029062804098,2.8212616105832176
1691493991.6922948,13.076286980399805,10.254143097464,2.822143882935805
1691493996.7402682,13.07642153644724,10.25536827153096,2.82105326491628
1691494001.7878556,13.077014563112945,10.256932847440549,2.820081715672396
1691494006.8266187,13.07777041135739,10.258637774064361,2.8191326372930288
1691494011.8775294,13.078151150075563,10.260238191998328,2.817912958077235
1691494016.925473,13.078808743575875,10.261968760875284,2.816839982700591
1691494021.9476004,13.07926499967414,10.263750580043576,2.8155144196305635
1691494026.9675777,13.079602433627517,10.264785508162756,2.8148169254647613
1691494031.9867184,13.080018986387536,10.265460260402406,2.8145587259851297
1691494037.0126219,13.080216511874058,10.267729000238603,2.812487511635455
1691494042.0503454,13.080953455249116,10.26992890934486,2.8110245459042567
1691494047.0592623,13.081494865144828,10.27130424961132,2.8101906155335072
1691494052.1023371,13.082280597135258,10.272826236525248,2.80945436061001
1691494057.152003,13.0829976518512,10.273311582603801,2.809686069247398
1691494062.1994762,13.083448783325757,10.274132085779913,2.809316697545844
1691494067.218501,13.083672913326248,10.274939297902138,2.80873361542411
1691494072.2497098,13.084008996556257,10.274927591838587,2.80908140471767
1691494077.300006,13.08455066258411,10.275024505128544,2.8095261574555668
1691494082.335163,13.08483976219446,10.275322292663764,2.809517469530695
1691494087.3554547,13.085283125712328,10.276129018181464,2.8091541075308637
1691494092.3956165,13.085569751348675,10.276501715629582,2.8090680357190934
1691494097.4432266,13.085588842413463,10.276775390139974,2.8088134522734887
1691494102.4585857,13.085590985882396,10.27715617015952,2.808434815722876
1691494107.4697883,13.085645029409752,10.27770065599865,2.807944373411102
1691494112.4867015,13.085373873089505,10.278135784859922,2.8072380882295835
1691494117.5309737,13.08551042344623,10.278452801634923,2.807057621811307
1691494122.541759,13.085175913027793,10.27791769604207,2.8072582169857228
1691494127.5663166,13.085366231340931,10.276488474761729,2.808877756579202
1691494132.6146274,13.08527144680901,10.275333536304869,2.809937910504141
1691494137.6623747,13.08499228701921,10.275110696075675,2.809881590943535
1691494142.703183,13.08478381805983,10.275207366336353,2.8095764517234763
1691494147.711585,13.084672446974956,10.276944385240125,2.8077280617348315
1691494152.7574382,13.084918787828874,10.278114504724602,2.806804283104272
1691494157.8019512,13.08561051162399,10.277888583673697,2.8077219279502934
1691494162.8101497,13.086070083743422,10.277260520134366,2.8088095636090564
1691494167.8454323,13.085848555133117,10.276142542749149,2.809706012383968
1691494172.8624544,13.086232166901873,10.275018994187956,2.8112131727139165
1691494177.884408,13.08628076740729,10.274899417697364,2.811381349709926
1691494182.9202156,13.086759490997773,10.275707797619264,2.8110516933785092
1691494187.966551,13.087067495933782,10.278016274081105,2.809051221852677
1691494193.0088384,13.087688715411298,10.280504722369797,2.8071839930415017
1691494198.0522282,13.088341648689283,10.28194191708448,2.806399731604804
1691494203.0823689,13.088730052529435,10.282731879754332,2.8059981727751033
1691494208.1224809,13.08899907227327,10.282721229307663,2.8062778429656063
1691494213.1633852,13.08912699871425,10.283634929706114,2.8054920690081353
1691494218.1981864,13.089046120781385,10.285034968104037,2.8040111526773472
1691494223.233629,13.089242092169524,10.285834147918788,2.8034079442507363
1691494228.240838,13.089364199766536,10.287096616670166,2.80226758309637
1691494233.2683592,13.089398556069499,10.289263366456671,2.8001351896128277
1691494238.2754037,13.089355359056619,10.291215176187636,2.7981401828689823
1691494243.2831168,13.089517182636827,10.291112524337061,2.7984046582997664
1691494248.2990537,13.089479744507958,10.29007968052174,2.7994000639862175
1691494253.3227804,13.089194816072638,10.288577099028965,2.8006177170436732
1691494258.3308895,13.089028790580262,10.287792517150992,2.8012362734292697
1691494263.3832633,13.089162831019237,10.28709263392916,2.802070197090078
1691494268.4241138,13.089017484643746,10.285686266903339,2.803331217740407
1691494273.4589097,13.088691264811219,10.284106260467118,2.8045850043441014
1691494278.478493,13.088838147924577,10.282769724865243,2.806068423059333
1691494283.5054088,13.088925023129374,10.282377798616572,2.8065472245128014
1691494288.5128794,13.088872867432766,10.281959748737634,2.8069131186951317
1691494293.525069,13.08887315002534,10.280530997241861,2.808342152783478
1691494298.57633,13.089162511186863,10.279225086545877,2.809937424640987
1691494303.623449,13.089239052613193,10.278854123255659,2.810384929357534
1691494308.6437228,13.089359276947716,10.278319894281346,2.8110393826663707
1691494313.6503158,13.089535606281821,10.277799339960678,2.8117362663211427
1691494318.6745787,13.089810954971346,10.275940724458106,2.81387023051324
1691494323.70562,13.089902940968472,10.274620724699508,2.8152822162689635
1691494328.7356498,13.090177188357814,10.273543572867736,2.816633615490078
1691494333.7503924,13.09058531258558,10.272446392253407,2.8181389203321725
1691494338.7611241,13.090267658519863,10.271152473941626,2.819115184578237
1691494343.7692306,13.09038328367347,10.269924933614709,2.820458350058761
1691494348.800363,13.09056587768298,10.269160678943432,2.821405198739548
1691494353.8473828,13.091495229290848,10.27045448443021,2.821040744860637
1691494358.8918855,13.093976522690419,10.273512113638219,2.8204644090521995
1691494363.927902,13.095407414345207,10.274894866525308,2.8205125478198987
1691494368.949924,13.096211757417327,10.277257684862278,2.8189540725550497
1691494373.9989169,13.094898900367927,10.281295070301924,2.8136038300660022
1691494379.0288212,13.093640731478592,10.286126568357071,2.807514163121521
1691494384.0522318,13.092400708679358,10.289962995808832,2.8024377128705265
1691494389.0955312,13.093635649564996,10.291707123784382,2.801928525780614
1691494394.1453624,13.09539195516313,10.295821166613129,2.7995707885500014
1691494399.1669197,13.094199826759638,10.298726399073797,2.7954734276858417
1691494404.2015288,13.089885463046844,10.30395430918119,2.785931153865654
1691494409.2571385,13.086824899933264,10.307931540432703,2.778893359500561
1691494414.3049204,13.085513771063551,10.309147731197182,2.776366039866369
1691494419.3264115,13.082658689998487,10.30989700264193,2.7727616873565566
1691494424.378657,13.079426143054599,10.309857748901994,2.7695683941526053
1691494429.4235876,13.076749001161238,10.311810237606846,2.764938763554392
1691494434.4448843,13.075597046282555,10.312507790188295,2.7630892560942595
1691494439.489717,13.074276637591707,10.31320696770606,2.7610696698856465
1691494444.534902,13.07204863943363,10.313307071514103,2.758741567919527
1691494449.5787454,13.068051319600555,10.31392997614319,2.7541213434573653
1691494454.5985532,13.063630942218445,10.311876620420584,2.7517543217978613
1691494459.6170049,13.062609582729571,10.311930855556325,2.7506787271732467
1691494464.6251476,13.064209335507247,10.309638082830423,2.754571252676824
1691494469.6659496,13.064488000587495,10.310206997153495,2.7542810034340004
1691494474.6729782,13.062151906588742,10.311756910489734,2.7503949960990077
1691494479.710411,13.060197555146258,10.309138159874845,2.7510593952714135
1691494484.7185917,13.05935580397439,10.308684629770818,2.750671174203571
1691494489.7481058,13.06038217353199,10.305149744727393,2.7552324288045966
1691494494.7953606,13.06061654831235,10.301095435155393,2.759521113156957
1691494499.836543,13.060791376258216,10.297019424707772,2.763771951550444
1691494504.8640423,13.06199479224943,10.29432557048063,2.7676692217688004
1691494509.8913007,13.062413512730478,10.293017674243545,2.7693958384869326
1691494514.9405572,13.063236770718973,10.291846228723228,2.7713905419957445
1691494519.9698012,13.063763550709803,10.289602626371718,2.7741609243380854
1691494524.9829605,13.0646581983215,10.288055608740214,2.7766025895812856
1691494530.024234,13.065749949569458,10.28613843688928,2.7796115126801784
1691494535.0797737,13.06688031202442,10.28434385043463,2.7825364615897907
1691494540.1080997,13.067973310924202,10.284729056039572,2.7832442548846306
1691494545.1466835,13.068943045488178,10.284783429681179,2.784159615806999
1691494550.1696954,13.068942881650111,10.285427054906265,2.7835158267438462
1691494555.216696,13.069200595475158,10.285941634931897,2.783258960543261
1691494560.2444923,13.069483012340747,10.287479093152758,2.7820039191879893
1691494565.2850332,13.070263334310134,10.288566599774558,2.7816967345355756
1691494570.3004863,13.07070522284125,10.289768793677338,2.780936429163912
1691494575.319042,13.070919461048396,10.290376315004272,2.780543146044124
1691494580.3398347,13.071225782858635,10.292072604345568,2.7791531785130665
1691494585.386358,13.071632266920751,10.29345687092605,2.778175395994701
1691494590.422678,13.072046902642318,10.292833850655382,2.779213051986936
1691494595.4640653,13.071914941618239,10.29211587393712,2.779799067681118
1691494600.4741266,13.071961179522932,10.292549460999334,2.7794117185235976
1691494605.5035806,13.071981560978193,10.2920768601374,2.7799047008407936
1691494610.5395334,13.072000932837245,10.292308750761519,2.779692182075726
1691494615.5853229,13.072203943279582,10.292761356584757,2.7794425866948256
1691494620.6262064,13.072748086107804,10.292801966328007,2.7799461197797974
1691494625.6587453,13.072684254917002,10.292317951325613,2.7803663035913893
1691494630.6993399,13.072873496663048,10.292764731809388,2.7801087648536598
1691494635.7235832,13.073251680905678,10.29397064535009,2.779281035555588
1691494640.7487962,13.07356560147074,10.293784646708131,2.779780954762609
1691494645.7612467,13.07346686098059,10.293757222411573,2.7797096385690168
1691494650.7891667,13.073435441118686,10.294206500226753,2.779228940891933
1691494655.7953622,13.073336601843788,10.294383673901178,2.77895292794261
1691494660.8414803,13.073250345344622,10.294027724177726,2.7792226211668964
1691494665.8751225,13.072868021264114,10.295204906593064,2.77766311467105
1691494670.911371,13.072601434086689,10.296150841000506,2.7764505930861834
1691494675.9592528,13.072444393310581,10.297019869492685,2.7754245238178967
1691494680.9687605,13.071993226687272,10.298207824769957,2.7737854019173156
1691494685.9887338,13.071819296848847,10.300159586005112,2.7716597108437355
1691494691.0364242,13.071092692138826,10.300006260380068,2.771086431758759
1691494696.0535877,13.07042971672591,10.29920119635722,2.7712285203686893
1691494701.0907662,13.07005259630375,10.298685209355718,2.7713673869480324
1691494706.1304762,13.070082573609724,10.298340399402836,2.7717421742068886
1691494711.1681597,13.069274704785034,10.297936194515875,2.7713385102691586
1691494716.1982455,13.069236978701367,10.29751813220344,2.7717188464979277
1691494721.2112455,13.06948844565685,10.297391817771205,2.772096627885645
1691494726.2557623,13.069875513714457,10.296142247159246,2.7737332665552117
1691494731.2636125,13.070339715286085,10.295449135536103,2.7748905797499823
1691494736.2710445,13.07059451721648,10.294675759941416,2.775918757275063
1691494741.319649,13.071365226557408,10.293135596490197,2.7782296300672105
1691494746.355823,13.071763268942393,10.29155675584755,2.780206513094843
1691494751.3969502,13.072729900800319,10.292651262218843,2.7800786385814753
1691494756.4263065,13.072716316363781,10.294390008493806,2.7783263078699747
1691494761.4453924,13.072538247662253,10.295786022009313,2.77675222565294
1691494766.4909403,13.072065751138153,10.296999755273172,2.7750659958649813
1691494771.5217996,13.072312155354036,10.298267714985801,2.7740444403682343
1691494776.5616934,13.072147437234836,10.299546017456043,2.772601419778793
1691494781.607509,13.071718895430795,10.30068506832029,2.7710338271105055
1691494786.616304,13.071736900965059,10.301404669295376,2.7703322316696823
1691494791.6306813,13.07146159157673,10.30196631599833,2.7694952755784
1691494796.6663344,13.071100426691801,10.303444509905349,2.7676559167864525
1691494801.6724305,13.070538787077158,10.305281864337061,2.7652569227400967
1691494806.7082107,13.070287789605446,10.306745219590034,2.763542570015412
1691494811.7226577,13.069822984209221,10.306432467494046,2.763390516715175
1691494816.7340455,13.070441905549293,10.306117823392132,2.7643240821571613
1691494821.7784746,13.070669829646363,10.305524733834917,2.7651450958114463
1691494826.8204827,13.071105726910835,10.304716066262428,2.7663896606484073
1691494831.8387244,13.0712974012072,10.30463463854409,2.7666627626631097
1691494836.8795714,13.070863130123639,10.304319938545262,2.7665431915783767
1691494841.8902185,13.07094309517094,10.30410505579341,2.7668380393775287
1691494846.9172435,13.070868980344095,10.302580995883122,2.7682879844609722
1691494851.96819,13.071391672722466,10.302472915174867,2.768918757547599
1691494857.0040238,13.071366055165978,10.301944402637394,2.7694216525285835
1691494862.0218132,13.071250887473443,10.301505985232092,2.769744902241351
1691494867.0568612,13.070873074239467,10.301635209778748,2.7692378644607185
1691494872.080903,13.070423705408835,10.30070731844014,2.769716386968696
1691494877.0917618,13.070126410938267,10.300215431429274,2.7699109795089925
1691494882.1024127,13.06981595742054,10.300850482611118,2.7689654748094217
1691494887.1247501,13.069485441459607,10.301117103317472,2.7683683381421353
1691494892.167852,13.069123740985386,10.300953820465596,2.7681699205197905
1691494897.2135975,13.06898885687987,10.301695714623628,2.767293142256241
1691494902.2502964,13.068412665218357,10.302307093992136,2.7661055712262215
1691494907.2596357,13.067350002586261,10.30430410425605,2.763045898330212
1691494912.2947705,13.066391354358887,10.304784559272132,2.761606795086754
1691494917.3149347,13.065916069552852,10.305198624436324,2.760717445116528
1691494922.3592992,13.065306786038002,10.30621503218417,2.7590917538538324
1691494927.4057553,13.064689991470281,10.30648886671674,2.7582011247535423
1691494932.4365225,13.06495941031958,10.306857215203978,2.758102195115601
1691494937.4524758,13.064709846366258,10.307422214532563,2.7572876318336945
1691494942.5005648,13.06467568597715,10.307045927878127,2.757629758099023
1691494947.5180416,13.064798151612127,10.307017459569868,2.7577806920422585
1691494952.5306184,13.064903244204,10.306061534262374,2.758841709941626
1691494957.5758739,13.064965992134685,10.306449025010425,2.75851696712426
1691494962.623652,13.065191014882446,10.30628623700947,2.758904777872976
1691494967.6559124,13.065268459282443,10.30653999452175,2.7587284647606936
1691494972.6692946,13.065434868458729,10.307147380341219,2.75828748811751
1691494977.6968935,13.065423113952567,10.308059639699534,2.757363474253033
1691494982.738483,13.06593540292704,10.307464888666793,2.7584705142602477
1691494987.7911017,13.06602919465182,10.308066001787624,2.757963192864196
1691494992.838822,13.065932624191383,10.308883158643871,2.757049465547512
1691494997.8600914,13.065989751160432,10.30970078337096,2.7562889677894713
1691495002.9048054,13.065961267702788,10.310581064771343,2.7553802029314447
1691495007.9527495,13.066041197025095,10.311451762473943,2.7545894345511517
1691495012.9632666,13.066205599953644,10.31326865012918,2.7529369498244645
1691495018.0108535,13.066680303907827,10.313277636897883,2.7534026670099436
1691495023.0592058,13.066715867135985,10.313563354291222,2.7531525128447623
1691495028.0818954,13.067276263200794,10.313401950918703,2.7538743122820915
1691495033.0881877,13.067771412186495,10.313157942471996,2.7546134697144993
1691495038.12821,13.068560550838951,10.31281747814104,2.7557430726979106
1691495043.1677299,13.069118261259051,10.313028254313362,2.756090006945689
1691495048.2063463,13.069744834460714,10.312932233515271,2.756812600945443
1691495053.240991,13.070574499518242,10.312991004884829,2.7575834946334137
1691495058.2474985,13.071060191364605,10.312930602658492,2.7581295887061135
1691495063.2544594,13.071885013116308,10.312836337401615,2.759048675714693
1691495068.3042114,13.072318246819185,10.312682284353107,2.759635962466078
1691495073.3194273,13.072559958148961,10.312692850870382,2.7598671072785788
1691495078.36702,13.073100562669508,10.313705418641016,2.759395144028492
1691495083.4070969,13.073809434423605,10.314269727311723,2.759539707111882
1691495088.4140453,13.0741832875318,10.314798104954216,2.759385182577585
1691495093.4546137,13.074616744438439,10.315617489061918,2.758999255376521
1691495098.4831157,13.075185177907457,10.31582436277896,2.759360815128497
1691495103.5232782,13.07510613996799,10.314794949230881,2.7603111907371094
1691495108.5759506,13.075272807481573,10.314452574612472,2.7608202328691007
1691495113.627968,13.075431977551181,10.314562303461388,2.7608696740897933
1691495118.6721256,13.075474707924876,10.314682077640082,2.7607926302847936
1691495123.7197738,13.075060455417127,10.315199753950822,2.7598607014663052
1691495128.7708507,13.075177852077395,10.31587762960009,2.7593002224773056
1691495133.7896183,13.07521525902217,10.316123905955836,2.759091353066335
1691495138.850752,13.074920626282227,10.315369386214178,2.759551240068049
1691495143.8725204,13.074663833295375,10.314951366223942,2.7597124670714326
1691495148.896538,13.074165543731096,10.315353769317927,2.7588117744131697
1691495153.9265888,13.07492197557849,10.341338954872805,2.7335830207056855
1691495158.944988,13.075123040844838,10.343146108002278,2.73197693284256
1691495163.9739614,13.076185896493804,10.342155750227482,2.7340301462663223
1691495168.9901476,13.076221579997409,10.340815271914275,2.7354063080831335
1691495174.0039377,13.07569581717751,10.340529416652535,2.7351664005249745
1691495179.041092,13.075431482494233,10.340390405791325,2.735041076702908
1691495184.086943,13.074895128846766,10.339859579796881,2.7350355490498846
1691495189.1263247,13.074414907617081,10.339616459604738,2.7347984480123433
1691495194.158724,13.074075012198824,10.338721896531398,2.735353115667426
1691495199.1825511,13.073831888046044,10.33774751458301,2.7360843734630347
1691495204.2157469,13.074425337902461,10.337326206064201,2.73709913183826
1691495209.2578743,13.074722873819658,10.336317886727173,2.738404987092485
1691495214.2705526,13.07365811996492,10.309482947573606,2.7641751723913135
1691495219.30252,13.07321222993976,10.307746474108436,2.7654657558313236
1691495224.3274806,13.071858565734724,10.30918299373334,2.762675572001383
1691495229.344703,13.071159561492363,10.3103358209777,2.760823740514663
1691495234.3833618,13.071441521697054,10.310368464252557,2.761073057444497
1691495239.4112117,13.071569077917903,10.309319401778646,2.762249676139257
1691495244.4239104,13.071646672869782,10.30919907687153,2.7624475959982533
1691495249.440704,13.071485272818952,10.309231332055136,2.7622539407638165
1691495254.4581704,13.071304563193962,10.309476993265589,2.761827569928373
1691495259.4657543,13.071008877750177,10.310752997676152,2.760255880074025
1691495264.47675,13.070242079830786,10.31066310530938,2.759578974521405
1691495269.4970493,13.069944253908547,10.310973111776452,2.7589711421320953
1691495274.5457366,13.069167507905751,10.310557813578946,2.7586096943268057
1691495279.5772622,13.068685194009374,10.310328241794101,2.758356952215273
1691495284.6224742,13.068669861782046,10.311142551238651,2.757527310543395
1691495289.661827,13.06930357417995,10.310920859418092,2.758382714761858
1691495294.706332,13.069227388211834,10.310110873513587,2.7591165146982473
1691495299.719184,13.069557385967595,10.309566374420102,2.759991011547493
1691495304.7392523,13.070186977298333,10.308092373897685,2.762094603400648
1691495309.7514641,13.070801922718363,10.30620712522162,2.764594797496743
1691495314.7947164,13.071349372016206,10.304509536426046,2.76683983559016
1691495319.8361857,13.071959996344965,10.302646639867614,2.769313356477351
1691495324.8591158,13.072075236289884,10.301539183676917,2.7705360526129663
1691495329.8847106,13.07234545353188,10.301517000744111,2.77082845278777
1691495334.8968444,13.072652692066036,10.30136494839022,2.771287743675817
1691495339.9251058,13.073148853198063,10.300257185320087,2.7728916678779765
1691495344.940638,13.07286752125467,10.300045569749988,2.7728219515046817
1691495349.9503777,13.072353789271984,10.30015711777451,2.7721966714974737
1691495354.956495,13.072193648309975,10.300748570170363,2.771445078139612
1691495359.9725754,13.071560276210088,10.301932593432657,2.769627682777431
1691495365.0179467,13.070956211601711,10.303778426082697,2.7671777855190136
1691495370.0523295,13.07041941653685,10.30515392103746,2.7652654954993903
1691495375.0900447,13.069876301416516,10.30713184114356,2.7627444602729554
1691495380.110163,13.069144845887369,10.308634696317764,2.7605101495696047
1691495385.1242607,13.068766083637275,10.30893370296837,2.7598323806689056
1691495390.1675959,13.06833522091041,10.308221995764306,2.760113225146103
1691495395.1875403,13.068097984165055,10.308365872949418,2.759732111215637
1691495400.2347786,13.067762097739726,10.309725662911912,2.7580364348278135
1691495405.2789314,13.06807195506813,10.309109266254035,2.758962688814094
1691495410.3096566,13.068087221381427,10.309007298540772,2.7590799228406553
1691495415.3262644,13.06727593994204,10.308689297807563,2.7585866421344765
1691495420.3693159,13.0668354187691,10.307890555267267,2.758944863501833
1691495425.4019067,13.066536953032704,10.30717944491274,2.7593575081199653
1691495430.447837,13.06677723958262,10.3072883264295,2.7594889131531204
1691495435.4624002,13.067086313794942,10.307827942395388,2.7592583713995538
1691495440.4782436,13.067317774641863,10.307891885218892,2.759425889422971
1691495445.5121174,13.067128942957503,10.308554531877892,2.7585744110796107
1691495450.5503442,13.066950119597038,10.309348748708917,2.7576013708881213
1691495455.5996573,13.066680796005935,10.309863612177299,2.7568171838286357
1691495460.6076207,13.066106108165288,10.310109106477707,2.7559970016875805
1691495465.6525464,13.06531913285819,10.310210004579632,2.7551091282785585
1691495470.6623294,13.065178140034194,10.31100509294173,2.754173047092463
1691495475.7107396,13.065632872945118,10.311495901198018,2.7541369717470996
1691495480.7569642,13.066632037470914,10.311416258451265,2.7552157790196485
1691495485.7675116,13.067256082641922,10.311225674674144,2.7560304079677778
1691495490.7820468,13.06696812675211,10.310994543758342,2.755973582993768
1691495495.792196,13.066795384754444,10.310806972429555,2.7559884123248892
1691495500.8003762,13.066581687920566,10.31100658977794,2.755575098142627
1691495505.8358724,13.066714136562751,10.31060117037454,2.756112966188212
1691495510.8668146,13.067203569002533,10.311145032413743,2.7560585365887906
1691495515.9143426,13.067303817012185,10.311306293579769,2.7559975234324163
1691495520.960458,13.067566517289853,10.311629927277568,2.7559365900122845
1691495525.9732604,13.068333264722709,10.312638347838346,2.7556949168843623
1691495530.9791443,13.068623106403427,10.312853189292039,2.7557699171113885
1691495536.0193582,13.068366417646647,10.31330111581702,2.755065301829628
1691495541.0648625,13.068071762319349,10.313957309667385,2.7541144526519634
1691495546.1147811,13.067391394900847,10.314714651647373,2.752676743253474
1691495551.1348927,13.0673910756904,10.315071966499469,2.752319109190932
1691495556.156361,13.066984223495174,10.315680094123906,2.7513041293712686
1691495561.1621194,13.06724126553337,10.315760865510292,2.7514804000230786
1691495566.212731,13.067189417241087,10.316351703357459,2.7508377138836284
1691495571.2583637,13.066825084005508,10.31572510660004,2.7510999774054685
1691495576.2818742,13.066849300953741,10.315611084138718,2.7512382168150236
1691495581.2948928,13.067004635764922,10.315079915282451,2.751924720482471
1691495586.3356376,13.067030908127999,10.314836332047921,2.7521945760800772
1691495591.3757434,13.067297394620827,10.314033560418654,2.7532638342021727
1691495596.4279644,13.067790365053705,10.313691034834328,2.7540993302193773
1691495601.4706776,13.067307888338888,10.31356749914013,2.753740389198759
1691495606.4806976,13.067561381692418,10.313450082303182,2.754111299389235
1691495611.5264854,13.067198017521674,10.313114009231969,2.7540840082897056
1691495616.5727112,13.067104122975595,10.312232588306811,2.7548715346687835
1691495621.6157782,13.066681127535533,10.311901442331155,2.7547796852043778
1691495626.6235356,13.066762956925599,10.311215305154844,2.7555476517707547
1691495631.6576958,13.066791441065947,10.311198352415301,2.7555930886506452
1691495636.66541,13.06688105270231,10.310672790510162,2.756208262192148
1691495641.7013297,13.0668450764492,10.310587271904852,2.7562578045443473
1691495646.7253938,13.0662765146589,10.309244212655717,2.757032302003184
1691495651.7742147,13.065660455289319,10.309328887945506,2.7563315673438122
1691495656.808575,13.065421621324086,10.308555772024683,2.7568658492994036
1691495661.8446937,13.065613918126774,10.308386723604233,2.7572271945225406
1691495666.8738766,13.065800929926187,10.308124146676786,2.7576767832494014
1691495671.9128265,13.066027748143075,10.307844791522081,2.7581829566209937
1691495676.9607718,13.066469609752149,10.307823520578033,2.758646089174116
1691495681.9993467,13.066711783035787,10.307698245430949,2.7590135376048384
1691495687.0223603,13.066825947162881,10.308066850288483,2.758759096874398
1691495692.0557165,13.067127874612092,10.307787907161071,2.7593399674510213
1691495697.062106,13.067008984887405,10.307197936131589,2.7598110487558163
1691495702.074767,13.066997123119092,10.307325710649687,2.7596714124694053
1691495707.1136093,13.06723936261963,10.307878937989814,2.759360424629815
1691495712.1648266,13.067546394251218,10.308504069363249,2.75904232488797
1691495717.1832547,13.067497423999203,10.308762154530093,2.75873526946911
1691495722.2054646,13.067507969404728,10.308380237460721,2.759127731944007
1691495727.2305465,13.06746617667831,10.308245404498816,2.7592207721794946
1691495732.2728248,13.067524125021984,10.307902083188303,2.7596220418336816
1691495737.2897935,13.067459097293456,10.307582101216811,2.7598769960766454
1691495742.3262815,13.067487303787953,10.307753660441168,2.7597336433467845
1691495747.3659835,13.067492295516772,10.307855481107921,2.75963681440885
1691495752.4081984,13.067443919080821,10.307900476971906,2.7595434421089156
1691495757.4462128,13.067778989987712,10.30850459132582,2.7592743986618924
1691495762.4627855,13.067959971024978,10.308592646891581,2.7593673241333967
1691495767.4812024,13.067926419610263,10.308942013215242,2.7589844063950206
1691495772.488945,13.068045307897304,10.308850611750008,2.7591946961472953
1691495777.5260637,13.068312873437122,10.308731864332458,2.7595810091046644
1691495782.5714512,13.068658236796509,10.309355793771697,2.7593024430248114
1691495787.6160827,13.068547643963713,10.309672303695004,2.758875340268709
1691495792.6502404,13.068233053222258,10.310004676482533,2.7582283767397247
1691495797.667903,13.068083875949362,10.309518838362164,2.758565037587198
1691495802.7053733,13.067992783885327,10.308663304754372,2.7593294791309546
1691495807.7427382,13.067810180384068,10.307926992653114,2.7598831877309546
1691495812.7507818,13.067616566371473,10.307746516138183,2.7598700502332907
1691495817.7693465,13.067262825960647,10.30750018583048,2.759762640130166
1691495822.7862551,13.067197525028057,10.307253965949094,2.7599435590789625
1691495827.8067658,13.067273197375293,10.306803512569475,2.760469684805818
1691495832.8548222,13.066994052017199,10.306991011288943,2.7600030407282556
1691495837.88608,13.067023793555682,10.307061376707686,2.759962416847996
1691495842.9208715,13.066925642758147,10.30672756405384,2.760198078704306
1691495847.9411635,13.066885434539978,10.306674779719486,2.760210654820492
1691495852.972707,13.067099291344537,10.306728860875408,2.7603704304691288
1691495858.0119252,13.067239059956893,10.306461988619752,2.7607770713371416
1691495863.0179467,13.067573234522701,10.306578364176298,2.760994870346403
1691495868.0269663,13.067607994211832,10.306616990437705,2.7609910037741265
1691495873.0531213,13.067499716122539,10.306685426990349,2.76081428913219
1691495878.0953128,13.067402252438333,10.306663984606047,2.760738267832286
1691495883.1421223,13.067472080221135,10.307588529406154,2.7598835508149815
1691495888.1682906,13.0678275228967,10.308043232379271,2.7597842905174286
1691495893.1914923,13.06811103543596,10.308217805462403,2.7598932299735566
1691495898.203272,13.068155215830954,10.30846563265499,2.7596895831759642
1691495903.2397468,13.068184550641389,10.308653594177958,2.759530956463431
1691495908.2786224,13.068489401614395,10.308594184009218,2.7598952176051768
1691495913.2955828,13.068572117407358,10.3084750322647,2.7600970851426574
1691495918.343397,13.068776062790286,10.309124887859856,2.759651174930431
1691495923.3933454,13.06903083689302,10.309518869930987,2.759511966962034
1691495928.423514,13.068982900323896,10.30963282211654,2.759350078207355
1691495933.456373,13.069591543213091,10.310114513843164,2.7594770293699273
1691495938.5089078,13.06998507698083,10.310267120583813,2.759717956397017
1691495943.5201178,13.07018503074992,10.309365887027363,2.760819143722557
1691495948.5343883,13.070059687691105,10.30907921607544,2.760980471615664
1691495953.578713,13.070101104288026,10.30891181368802,2.761189290600006
1691495958.6182988,13.070023841429709,10.30888638481392,2.7611374566157885
1691495963.6253092,13.07001622909446,10.308808901854064,2.7612073272403954
1691495968.6735823,13.069968913990998,10.308332450019854,2.7616364639711435
1691495973.7036722,13.069889238943006,10.307535269796357,2.7623539691466483
1691495978.717811,13.069148404280442,10.305956984574012,2.7631914197064305
1691495983.764427,13.068393668916029,10.30431909397536,2.7640745749406683
1691495988.8151436,13.067655745423451,10.302376542703529,2.7652792027199222
1691495993.8316185,13.066587594604728,10.300219688730468,2.76636790587426
1691495998.8825605,13.065789441090441,10.298792714567302,2.766996726523139
1691496003.9351602,13.065223748251718,10.29661629675191,2.7686074514998076
1691496008.9771185,13.06420403155695,10.294049885292463,2.7701541462644865
1691496014.027279,13.06297104323302,10.29138597246658,2.77158507076644
1691496019.0621336,13.062371054060602,10.28914423863989,2.7732268154207116
1691496024.1060932,13.06189626250516,10.287019710518232,2.774876551986928
1691496029.1116064,13.061288412620023,10.2852595467975,2.776028865822523
1691496034.1349444,13.060488703334093,10.283674984965387,2.7768137183687056
1691496039.1815078,13.059831536681173,10.282478233311267,2.7773533033699067
1691496044.215886,13.05934193275924,10.282333651861324,2.777008280897917
1691496049.2399616,13.05922603405505,10.282033590441722,2.777192443613327
1691496054.2596242,13.059036950204039,10.281337521620417,2.777699428583622
1691496059.3021317,13.058400288120461,10.280180041850654,2.7782202462698073
1691496064.331224,13.057717854413792,10.279560508333253,2.7781573460805387
1691496069.367893,13.057368686083391,10.278585499025217,2.778783187058174
1691496074.4044132,13.057336626872576,10.27765927525072,2.7796773516218565
1691496079.414269,13.05665227605659,10.276678052783874,2.779974223272717
1691496084.429264,13.056906204682221,10.278171373721307,2.7787348309609143
1691496089.459072,13.057967812408165,10.28123860188185,2.776729210526316
1691496094.4984705,13.059320602293603,10.283921836900547,2.7753987653930565
1691496099.5287166,13.060516138898533,10.285053417495787,2.7754627214027465
1691496104.5557473,13.062147315456775,10.285408197582226,2.7767391178745484
1691496109.6060214,13.063402239407683,10.287275088211711,2.776127151195972
1691496114.621001,13.064587025992392,10.290008337885139,2.774578688107253
1691496119.6584542,13.065786475015955,10.29214105380512,2.7736454212108352
1691496124.7035472,13.067286558369872,10.294998714389312,2.7722878439805605
1691496129.7282672,13.067926598149949,10.296753983473119,2.7711726146768303
1691496134.785564,13.068619643997529,10.299619001963041,2.769000642034488
1691496139.8019164,13.07023518623612,10.302696587537024,2.7675385986990957
1691496144.8464866,13.070105041445464,10.302986609981307,2.767118431464157
1691496149.854594,13.069667169096636,10.301585337085891,2.768081832010745
1691496154.8801546,13.06940662423748,10.301325072559361,2.7680815516781188
1691496159.88755,13.069454616743965,10.302570349705816,2.766884267038149
1691496164.9014664,13.069374730850617,10.306315894173956,2.7630588366766613
1691496169.9423342,13.069190584345078,10.307790922388941,2.761399661956137
1691496174.9681919,13.06904678142771,10.308403148865601,2.7606436325621093
1691496179.9964101,13.069527611993182,10.308211395923344,2.7613162160698383
1691496185.0065894,13.069933868794969,10.307768627833706,2.762165240961263
1691496190.0376143,13.070263299998464,10.311985984872667,2.758277315125797
1691496195.0686095,13.071005839741254,10.314607059382409,2.756398780358845
1691496200.0797422,13.072006150993394,10.31357274785604,2.758433403137353
1691496205.1133168,13.073576713731905,10.313989032525429,2.759587681206476
1691496210.151764,13.07476089258618,10.3150038461589,2.7597570464272803
1691496215.1960611,13.076353304332866,10.317537641696052,2.758815662636813
1691496220.2129304,13.07805594610475,10.318460621926155,2.759595324178594
1691496225.2364242,13.079046351551185,10.316938793266548,2.7621075582846366
1691496230.2629645,13.080856944172144,10.31632530792229,2.7645316362498544
1691496235.2999601,13.082587753066163,10.316391593721514,2.7661961593446485
1691496240.3300254,13.083565323757735,10.317853203020352,2.7657121207373834
1691496245.3688233,13.085026597163397,10.317836790923733,2.7671898062396636
1691496250.4034107,13.087029504715016,10.314015889430873,2.7730136152841425
1691496255.4223707,13.088261699829607,10.313043078741872,2.7752186210877348
1691496260.4295726,13.088997828793385,10.313158330543477,2.7758394982499084
1691496265.475749,13.089788817955284,10.313191122849798,2.7765976951054867
1691496270.521665,13.091022750195899,10.31266603060941,2.7783567195864887
1691496275.5572627,13.09182079845062,10.310248630984418,2.7815721674662015
1691496280.5925581,13.0924321890335,10.308559272721068,2.7838729163124327
1691496285.609375,13.092999495632306,10.30684501960213,2.786154476030175
1691496290.6444242,13.093501680619141,10.305580771699146,2.787920908919995
1691496295.6554353,13.09405871021259,10.304410070140083,2.7896486400725067
1691496300.6810932,13.095041198070772,10.303171616275652,2.7918695817951207
1691496305.7271082,13.095738178420344,10.302679693779494,2.7930584846408504
1691496310.7398431,13.096708702708362,10.303047158746782,2.79366154396158
1691496315.7932894,13.097486023577455,10.301683582191702,2.795802441385753
1691496320.8130693,13.09815203734056,10.301674390625783,2.796477646714777
1691496325.8454075,13.098620291237177,10.300609111417232,2.7980111798199445
1691496330.8820443,13.098758393484365,10.300466079420527,2.798292314063838
1691496335.9112186,13.099295261061776,10.30417611644096,2.7951191446208163
1691496340.9239826,13.099760580352768,10.306086741083309,2.7936738392694593
1691496345.9526725,13.099491436963728,10.306753718483174,2.792737718480554
1691496350.9577675,13.095959011764876,10.307814588245662,2.7881444235192134
1691496355.9645028,13.09060642341844,10.309555416337833,2.781051007080606
1691496360.970863,13.084626470201389,10.312499436468894,2.7721270337324952
1691496366.021829,13.078952479150267,10.315121469770324,2.7638310093799436
1691496371.0663285,13.073373382525046,10.317018844037886,2.7563545384871606
1691496376.084361,13.068729119957002,10.31936553177179,2.7493635881852114
1691496381.129865,13.067844940630588,10.319645851170872,2.7481990894597157
1691496386.150626,13.067563347301533,10.32231191417642,2.7452514331251123
1691496391.18346,13.0672702473425,10.323359415068795,2.7439108322737056
1691496396.1899474,13.06704089885054,10.32326953071042,2.74377136814012
1691496401.2397487,13.067057575177802,10.325034846593601,2.7420227285842014
1691496406.284498,13.067866899057748,10.327903304725638,2.73996359433211
1691496411.2897384,13.071577747037026,10.329949891733916,2.7416278553031095
1691496416.326973,13.077081598620234,10.330476732889696,2.7466048657305375
1691496421.359186,13.082830242691495,10.330918753822191,2.751911488869304
1691496426.3653102,13.088209245979666,10.331404411698875,2.756804834280791
1691496431.3820758,13.093574347721264,10.332293592288226,2.761280755433038
1691496436.428219,13.09822591124944,10.332032598836923,2.7661933124125166
1691496441.4549434,13.099027615638855,10.333271627838423,2.765755987800432
1691496446.4839077,13.099376673227596,10.333879813134716,2.7654968600928793
1691496451.5296133,13.099376052624073,10.334759901316732,2.764616151307342
1691496456.5795603,13.099169289146502,10.334524659916905,2.764644629229597
1691496461.6319292,13.099159470406237,10.334639046596886,2.7645204238093513
1691496466.668961,13.099048576904796,10.33466889211127,2.764379684793525
1691496471.7079182,13.099301633659698,10.334608518535015,2.7646931151246825
1691496476.7503572,13.099492219248832,10.33477656869701,2.764715650551823
1691496481.7858965,13.099747630405972,10.334801098094692,2.7649465323112796
1691496486.8113172,13.099819531672575,10.334683527205083,2.7651360044674913
1691496491.8278568,13.099784420299907,10.334981655192074,2.7648027651078326
1691496496.873457,13.099621163045214,10.336394058873578,2.7632271041716354
1691496501.9202428,13.099370836154304,10.337817679107761,2.761553157046542
1691496506.9349363,13.099563053759006,10.337129773930378,2.7624332798286275
1691496511.9705162,13.09979150334703,10.335934225500518,2.763857277846512
1691496516.9884195,13.100115489561878,10.3323729275002,2.7677425620616773
1691496522.0220492,13.10007572585827,10.32966877991033,2.77040694594794
1691496527.0286493,13.100301131237341,10.328310102349,2.7719910288883405
1691496532.0681548,13.100295484354897,10.32908644678817,2.7712090375667273
1691496537.0813599,13.100218842456796,10.3289534386715,2.7712654037852964
1691496542.0980885,13.100393182307645,10.32835715616797,2.7720360261396753
1691496547.1241782,13.100518416514953,10.328388726591507,2.772129689923446
1691496552.155698,13.100664273405958,10.328516376619739,2.772147896786219
1691496557.162693,13.100664770969214,10.32877471612706,2.771890054842153
1691496562.207539,13.100736654799002,10.328993868389658,2.7717427864093445
1691496567.252743,13.10056715656459,10.327772788506298,2.7727943680582925
1691496572.3038387,13.100245220705524,10.328644371092572,2.771600849612952
1691496577.3544633,13.100136640809636,10.332037684194015,2.7680989566156207
1691496582.3940241,13.100063870299673,10.333341040826488,2.766722829473185
1691496587.4430816,13.09981656754309,10.332721737694973,2.7670948298481175
1691496592.4511178,13.099765356454654,10.331591422707737,2.768173933746917
1691496597.4983582,13.099739806749302,10.332037732999586,2.7677020737497156
1691496602.534508,13.09909007389058,10.332086866366291,2.7670032075242883
1691496607.5817106,13.098649006985987,10.331861542901239,2.7667874640847483
1691496612.614217,13.098331123017125,10.331396489470785,2.76693463354634
1691496617.6633086,13.097945563367068,10.331719396241201,2.7662261671258666
1691496622.6928494,13.097399609099153,10.332545742126644,2.7648538669725085
1691496627.7390454,13.096751142361915,10.334618085192824,2.762133057169091
1691496632.7706304,13.096463744003952,10.333940241370678,2.7625235026332735
1691496637.799703,13.096299993228538,10.332466575264394,2.7638334179641433
1691496642.8164687,13.096041740515856,10.33399447844047,2.762047262075386
1691496647.8503692,13.09552783356386,10.33544242416929,2.76008540939457
1691496652.878642,13.095298802805361,10.336063248706813,2.7592355540985487
1691496657.9159415,13.09493139531909,10.335613356772965,2.759318038546125
1691496662.9390604,13.095049265156474,10.334990492808673,2.7600587723478007
1691496667.9486015,13.094833995166626,10.335049017900133,2.7597849772664933
1691496672.9926684,13.094437329288924,10.332471186536287,2.7619661427526374
1691496678.0424252,13.08978164127412,10.330638655339483,2.7591429859346377
1691496683.0885541,13.084668566965833,10.330007901571735,2.7546606653940984
1691496688.1374667,13.079514920552123,10.330565596161597,2.7489493243905265
1691496693.1679225,13.073738146238611,10.33258868793271,2.7411494583059017
1691496698.2151644,13.067584179190838,10.334496532549219,2.7330876466416196
1691496703.2472467,13.061933773200213,10.334898445386635,2.727035327813578
1691496708.2746372,13.056243353918331,10.335500232558498,2.720743121359833
1691496713.3149009,13.050482112367733,10.33560048575782,2.7148816266099143
1691496718.3456233,13.045068251561542,10.336579778072121,2.708488473489421
1691496723.3817174,13.039531099773543,10.33849682092616,2.7010342788473825
1691496728.4235284,13.034296736781911,10.339904332370033,2.6943924044118788
1691496733.4737854,13.02886105807783,10.343373244260778,2.6854878138170513
1691496738.5063553,13.028489523413882,10.34445722709589,2.684032296317991
1691496743.5287356,13.028445720983106,10.344225543751369,2.6842201772317367
1691496748.5492923,13.028301200332576,10.343140552640557,2.685160647692019
1691496753.5832007,13.028830889840753,10.34348504102085,2.685345848819903
1691496758.6091943,13.029349106984183,10.344145878645989,2.685203228338194
1691496763.6459754,13.02951582063786,10.34367596457151,2.68583985606635
1691496768.6742847,13.030071313659665,10.343613376039077,2.686457937620588
1691496773.7171316,13.030648336842198,10.344276436438058,2.68637190040414
1691496778.7240553,13.030596955772314,10.34484124277562,2.685755712996693
1691496783.770765,13.030517513254155,10.34479793004807,2.685719583206085
1691496788.7918053,13.029717422167607,10.343937940001913,2.685779482165694
1691496793.8383756,13.029538310867512,10.342761461007035,2.686776849860477
1691496798.8772154,13.029182253433877,10.343043499181993,2.6861387542518838
1691496803.9155831,13.028636802912134,10.343414959208204,2.68522184370393
1691496808.9336863,13.028558411914558,10.343480136504708,2.6850782754098503
1691496813.9745798,13.027702898218365,10.341819972551674,2.685882925666691
1691496818.9853,13.027152614450289,10.33996040835562,2.68719220609467
1691496824.0333326,13.02733173560534,10.340469566772736,2.6868621688326044
1691496829.072764,13.026628952808863,10.340373538447325,2.686255414361538
1691496834.0882587,13.026729749208437,10.339586681250005,2.6871430679584325
1691496839.0997858,13.026712116562392,10.338821219468407,2.6878908970939843
1691496844.1068969,13.026226511259718,10.338167601956442,2.688058909303276
1691496849.1542547,13.027065896744434,10.339584421008293,2.6874814757361403
1691496854.2021754,13.027928542008942,10.34060783351841,2.6873207084905317
1691496859.240192,13.027903149858595,10.338957029908668,2.688946119949927
1691496864.2869093,13.028221378190535,10.33846380087102,2.689757577319515
1691496869.3278098,13.028392163922607,10.33915297556066,2.689239188361947
1691496874.377262,13.029485447818447,10.341214173781175,2.6882712740372714
1691496879.4000049,13.03012053931865,10.343144166935524,2.6869763723831266
1691496884.4186842,13.030793914864242,10.34268008884042,2.688113826023823
1691496889.456341,13.03196396829291,10.343017770390722,2.6889461979021885
1691496894.5056832,13.032146222795522,10.34403399828624,2.688112224509281
1691496899.5177002,13.033170255378769,10.345010221869376,2.6881600335093925
1691496904.5309799,13.033795804580942,10.346208358001178,2.687587446579764
1691496909.5426373,13.033608094082926,10.345734015827517,2.6878740782554083
1691496914.5915396,13.032925985986957,10.34591521082326,2.687010775163696
1691496919.6254818,13.033022064510574,10.348131092839402,2.6848909716711713
1691496924.6522114,13.03306157695915,10.348711241345521,2.6843503356136296
1691496929.67799,13.03287454541345,10.348219832184887,2.6846547132285625
1691496934.686544,13.032219439278679,10.347074845510637,2.685144593768042
1691496939.7291229,13.031133875772836,10.346985948875444,2.684147926897392
1691496944.7716382,13.029767152176799,10.34723220976347,2.6825349424133282
1691496949.7961307,13.028541365085939,10.34694475676929,2.6815966083166494
1691496954.8399599,13.027356605852944,10.346607528996206,2.6807490768567384
1691496959.8811712,13.025954830703672,10.346288361271283,2.679666469432389
1691496965.061204,13.024964339410559,10.345513842378928,2.679450497031631
1691496970.08563,13.024445083549928,10.344916814823586,2.679528268726342
1691496975.1200647,13.024602488506266,10.34501553609515,2.6795869524111158
1691496980.1629739,13.0244274702157,10.344948415309377,2.6794790549063237
1691496985.1934488,13.024050562869771,10.344956336513212,2.6790942263565594
1691496990.2076023,13.023832102633804,10.3452946719404,2.678537430693405
1691496995.2461576,13.023604258771096,10.344600234568372,2.679004024202724
1691497000.2880447,13.025314579520025,10.342045028649196,2.683269550870829
1691497005.301604,13.031584039069335,10.337990277221758,2.693593761847577
1691497010.335044,13.036647209165004,10.334018977880168,2.7026282312848355
1691497015.3757868,13.039255856963532,10.330369980613431,2.7088858763501005
1691497020.3883557,13.03984319884103,10.328794013991653,2.7110491848493776
1691497025.432276,13.04042934726999,10.327459209429245,2.7129701378407454
1691497030.4737341,13.041101744142535,10.326290540412941,2.714811203729594
1691497035.504443,13.041433095932595,10.324166400627123,2.7172666953054723
1691497040.5415895,13.041682563969596,10.321884131764683,2.7197984322049127
1691497045.570866,13.04206458609069,10.320145013624282,2.7219195724664083
1691497050.5763564,13.04253234110921,10.318743477979199,2.723788863130011
1691497055.5929618,13.043723043098174,10.317554982713844,2.72616806038433
1691497060.6411831,13.042222017066132,10.318404333620242,2.7238176834458905
1691497065.6839128,13.036619958482456,10.320425597144249,2.716194361338207
1691497070.7139828,13.032402296821083,10.322446463649479,2.7099558331716036
1691497075.7636511,13.030786482058016,10.323660309244612,2.7071261728134033
1691497080.8110564,13.03124778616138,10.322306218152468,2.708941568008912
1691497085.8604095,13.03147677471677,10.321107605609056,2.7103691691077145
1691497090.8999414,13.031777363984038,10.32076474824482,2.711012615739218
1691497095.941628,13.032143431291031,10.320601375329066,2.7115420559619654
1691497100.9805496,13.032614387118628,10.320249253121416,2.7123651339972117
1691497106.0200586,13.032885096575523,10.320144804531157,2.7127402920443657
1691497111.0611148,13.03294814486122,10.319667278493123,2.7132808663680965
1691497116.0762284,13.03267647575013,10.318894934021701,2.7137815417284283
1691497121.0898623,13.03293437900723,10.318225894901426,2.7147084841058042
1691497126.09553,13.032946636339675,10.318034206487198,2.714912429852477
1691497131.1186397,13.03319699883299,10.31762029977221,2.7155766990607795
1691497136.1406648,13.032855308709074,10.317506222434288,2.715349086274786
1691497141.1604323,13.032877643206776,10.317943252645913,2.714934390560863
1691497146.1953971,13.032908379906218,10.318511566756834,2.714396813149383
1691497151.2371223,13.033083648385812,10.318541269967687,2.714542378418125
1691497156.2764595,13.03283454182937,10.318481989115297,2.7143525527140735
1691497161.29938,13.032735339090772,10.318668938829298,2.7140664002614745
1691497166.318194,13.032824276185817,10.318706963699503,2.714117312486314
1691497171.346502,13.032878229564114,10.319058062254735,2.713820167309379
1691497176.389787,13.032808028983563,10.319675439481875,2.7131325895016882
1691497181.4161785,13.032793623255907,10.319828983494995,2.712964639760912
1691497186.4598978,13.032939155959253,10.319462346498645,2.7134768094606088
1691497191.4735527,13.032433770914595,10.319727297258801,2.7127064736557944
1691497196.4946465,13.03256971757777,10.319464048613161,2.7131056689646087
1691497201.5440164,13.03279349007697,10.31930181103434,2.7134916790426313
1691497206.570211,13.032416392565741,10.319083814918322,2.713332577647419
1691497211.6075745,13.032084220931687,10.318672964139495,2.7134112567921918
1691497216.6481469,13.032020400096645,10.318248198004206,2.7137722020924393
1691497221.6729846,13.031529239338646,10.317996876047564,2.7135323632910815
1691497226.7190852,13.031390536042252,10.317799531035538,2.7135910050067142
1691497231.8512318,13.03121168936028,10.317383506326559,2.713828183033721
1691497236.8761065,13.031074159798214,10.317329102772279,2.7137450570259354
1691497241.9026077,13.031112283817137,10.316840232707875,2.714272051109262
1691497246.943445,13.030510788420962,10.316553649558898,2.713957138862064
1691497251.9561536,13.03052593807255,10.316820722440255,2.713705215632295
1691497256.973371,13.030282997096172,10.317203193662854,2.7130798034333186
1691497262.0009863,13.030172347880624,10.317679478601617,2.712492869279007
1691497267.037497,13.030053711383438,10.317980086844443,2.712073624538995
1691497272.0542653,13.030213223190643,10.318439214462035,2.7117740087286073
1691497277.1031826,13.03026931320466,10.318312651980946,2.711956661223713
1691497282.1538725,13.029832211577123,10.31795752744039,2.711874684136733
1691497287.2051823,13.029954157718175,10.318337623207666,2.711616534510508
1691497292.2348695,13.030125084530663,10.319156738127885,2.710968346402778
1691497297.273659,13.029833201530478,10.319890272108559,2.709942929421919
1691497302.3197916,13.02975355114036,10.32099809563546,2.7087554555048996
1691497307.355579,13.02971268793247,10.322370774406544,2.7073419135259265
1691497312.3784742,13.02981206630554,10.322906872581688,2.706905193723852
1691497317.413266,13.030313218784393,10.323774359819373,2.70653885896502
1691497322.4359126,13.030715574522171,10.324367582153394,2.7063479923687765
1691497327.487426,13.030693513687208,10.324691887034659,2.706001626652549
1691497332.513824,13.030168945392772,10.325337408405359,2.704831536987413
1691497337.5582948,13.030468633784645,10.32723787649695,2.7032307572876952
1691497342.5864656,13.03077023790476,10.328862248074707,2.701907989830053
1691497347.5967152,13.030168216291539,10.329123219278934,2.7010449970126054
1691497352.6411757,13.02967740021219,10.329291037735421,2.7003863624767686
1691497357.6544266,13.030205976044336,10.32936530455046,2.700840671493875
1691497362.6891,13.030198332164154,10.329778585953306,2.700419746210848
1691497367.7003202,13.030665967776269,10.329920780076435,2.700745187699834
1691497372.711403,13.0307653536561,10.32929777816774,2.70146757548836
1691497377.7563288,13.03152211010394,10.328580801737605,2.7029413083663343
1691497382.8010125,13.031550804108386,10.327781142180966,2.7037696619274207
1691497387.819371,13.03207424525448,10.32717578791585,2.704898457338629
1691497392.8472009,13.032808814414455,10.326579824918113,2.706228989496342
1691497397.8834426,13.033960572220053,10.325625462697825,2.7083351095222277
1691497402.8929403,13.034568664390159,10.324912505298789,2.70965615909137
1691497407.9141932,13.036336144762577,10.324481770710962,2.7118543740516152
1691497412.9634569,13.03724135511595,10.324219386419381,2.7130219686965695
1691497417.9922068,13.037828131106295,10.324043684228407,2.713784446877888
1691497423.0039606,13.03878698052617,10.323801510077505,2.7149854704486653
1691497428.029272,13.039326615930088,10.323238835690931,2.7160877802391568
1691497433.0428197,13.039911984221076,10.323843555379929,2.7160684288411474
1691497438.0810301,13.040193163177713,10.324154617752507,2.7160385454252065
1691497443.116955,13.040730758171085,10.324892352757704,2.715838405413381
1691497448.1332664,13.041125819277898,10.326119185407226,2.715006633870672
1691497453.151875,13.041628247180766,10.3269315999498,2.7146966472309657
1691497458.1884413,13.04198085472634,10.326696434318917,2.715284420407423
1691497463.2296057,13.042488522169611,10.326724717855763,2.7157638043138483
1691497468.2775903,13.042453460909524,10.32712616157761,2.715327299331914
1691497473.3276932,13.04296802143275,10.32737465219326,2.7155933692394907
1691497478.3483338,13.04351447822885,10.327637611613655,2.7158768666151953
1691497483.3605518,13.043479579185192,10.328026386968222,2.7154531922169696
1691497488.3768427,13.043883515460672,10.32834715397266,2.715536361488013
1691497493.430933,13.04448415243068,10.328414220971984,2.716069931458696
1691497498.4588275,13.04458935934222,10.328568355677177,2.716021003665043
1691497503.512049,13.044672161411526,10.328550151019861,2.716122010391665
1691497508.5233774,13.044288046148347,10.327887897323645,2.716400148824702
1691497513.5713465,13.04451711021256,10.328063944436078,2.716453165776482
1691497518.594295,13.043507784548874,10.329202557305738,2.714305227243136
1691497523.6088352,13.042441802808504,10.33019337822631,2.712248424582194
1691497528.6202922,13.04178481688373,10.330531265716065,2.7112535511676654
1691497533.6541889,13.040985325257866,10.330840725306098,2.710144599951768
1691497538.6984792,13.040026393325201,10.330781508115413,2.709244885209788
1691497543.738052,13.03916313105518,10.331179935947379,2.7079831951078006
1691497548.7669978,13.038154313506935,10.331209004253846,2.706945309253088
1691497553.7989678,13.036765831674172,10.331359714941447,2.705406116732725
1691497558.827234,13.035915797689855,10.331220220050458,2.704695577639397
1691497563.859091,13.034665815435856,10.330943957452396,2.70372185798346
1691497568.8753762,13.033818973482322,10.330408536094247,2.703410437388076
1691497573.906831,13.032972184863363,10.329762879390557,2.7032093054728055
1691497578.9470725,13.03223254214034,10.328653819172606,2.703578722967734
1691497583.988775,13.032229784991573,10.327944200700522,2.7042855842910516
1691497589.035822,13.031962862528646,10.327403365094943,2.704559497433703
1691497594.0857344,13.031633365471894,10.32662832291728,2.705005042554614
1691497599.1264977,13.03181705517402,10.326015122398953,2.705801932775067
1691497604.1564221,13.031858497392603,10.325000070495467,2.7068584268971367
1691497609.1649513,13.03203262292595,10.324966771797667,2.7070658511282826
1691497614.2047868,13.031652382445657,10.324202607601727,2.70744977484393
1691497619.2292213,13.030679705562981,10.322699464139172,2.70798024142381
1691497624.2603023,13.030155809112296,10.321538516015174,2.708617293097122
1691497629.2863722,13.029736958228137,10.321373543433017,2.7083634147951194
1691497634.3126516,13.02965365172257,10.321219218075235,2.7084344336473354
1691497639.326818,13.029727753506604,10.321878084782238,2.707849668724366
1691497644.371921,13.029402158938717,10.321524680311876,2.707877478626841
1691497649.4017625,13.028948602170853,10.321143380883534,2.7078052212873196
1691497654.4147818,13.028608019602325,10.320828001773238,2.707780017829087
1691497659.4541385,13.02830196609282,10.320569765594477,2.7077322004983433
1691497664.4734364,13.02803842086707,10.320569689943627,2.707468730923443
1691497669.5170515,13.027398828706877,10.318785638415184,2.7086131902916932
1691497674.5478466,13.027055136244867,10.317512722949,2.7095424132958676
1691497679.5967906,13.027360657902397,10.317821033918403,2.7095396239839946
1691497684.6381335,13.02767813278297,10.318369215510968,2.7093089172720024
1691497689.666818,13.028044713016753,10.318819479586887,2.7092252334298657
1691497694.6941073,13.02774146012888,10.31911524742637,2.7086262127025105
1691497699.7033741,13.02825109368654,10.319475071146124,2.708776022540416
1691497704.7139835,13.028455425837143,10.320042242904549,2.7084131829325937
1691497709.746086,13.028718072578027,10.320730565271594,2.7079875073064326
1691497714.7541668,13.029267156820984,10.321851369239692,2.707415787581292
1691497719.7976522,13.029942614132924,10.322857640522821,2.707084973610103
1691497724.828965,13.030449087273512,10.324278843407164,2.7061702438663477
1691497729.862301,13.030895997482167,10.326547201767339,2.7043487957148287
1691497734.8718467,13.031306335361997,10.32810701271342,2.703199322648576
1691497739.8897717,13.031563420661707,10.328662547873474,2.7029008727882324
1691497744.9402924,13.030649840812618,10.328432856002213,2.7022169848104056
1691497749.9712353,13.030596132073619,10.327707369634687,2.7028887624389313
1691497755.0204475,13.030228056460272,10.326673687572988,2.703554368887284
1691497760.063173,13.029690335916436,10.32552713154904,2.704163204367397
1691497765.084563,13.029431715591477,10.324564951281813,2.7048667643096636
1691497770.118251,13.029057222982598,10.323754822463863,2.7053024005187343
1691497775.1336694,13.02846964456603,10.322279939948213,2.7061897046178167
1691497780.140949,13.027972038892406,10.321390931094367,2.706581107798039
1691497785.170789,13.02796518706406,10.320173327114539,2.7077918599495217
1691497790.2177846,13.02753234900782,10.319285468480162,2.7082468805276587
1691497795.2572386,13.027317631351655,10.31905362707267,2.708264004278986
1691497800.294077,13.027878379345621,10.319864138786139,2.708014240559482
1691497805.312133,13.029132904223326,10.320678047729391,2.708454856493935
1691497810.32863,13.029216348857464,10.321123936972727,2.7080924118847367
1691497815.360451,13.03037600077479,10.322347862100498,2.708028138674292
1691497820.393615,13.031351530682143,10.32316779065703,2.708183740025113
1691497825.426232,13.03135685373013,10.323718178351855,2.7076386753782753
1691497830.4722607,13.031837851932897,10.323565668669637,2.7082721832632597
1691497835.5113776,13.03263950094701,10.323647346369711,2.708992154577299
1691497840.5244515,13.032941116153953,10.322975337534379,2.7099657786195746
1691497845.5608156,13.03314764165794,10.322804798235312,2.7103428434226284
1691497850.6018348,13.03371123202034,10.324092127616627,2.7096191044037123
1691497855.6122022,13.034253602919122,10.324011805199254,2.7102417977198687
1691497860.6590672,13.034629322032668,10.323511197788779,2.711118124243889
1691497865.7101488,13.034504252477419,10.324147384317822,2.7103568681595966
1691497870.721522,13.03499073443691,10.324758617797146,2.710232116639764
1691497875.7359617,13.034742690202563,10.32485223911818,2.7098904510843838
1691497880.7599204,13.035110965655917,10.3255898418691,2.7095211237868178
1691497885.8106077,13.035697211054039,10.326551367500423,2.7091458435536158
1691497890.8163671,13.035442508301921,10.32826582587255,2.7071766824293704
1691497895.8464372,13.035643396324918,10.330008278566414,2.7056351177585043
1691497900.880946,13.034981152144386,10.331509151967019,2.703472000177367
1691497905.889586,13.034595262159145,10.332808241668868,2.7017870204902774
1691497910.9119155,13.035238809428098,10.333718876696416,2.7015199327316815
1691497915.957268,13.035567494757048,10.335232107227885,2.7003353875291634
1691497921.0088897,13.035827084172023,10.336744025557918,2.6990830586141055
1691497926.026054,13.03634002146044,10.33703375569868,2.6993062657617592
1691497931.036924,13.03654268183622,10.338039703103364,2.698502978732856
1691497936.0657258,13.036406899256354,10.338810872392294,2.69759602686406
1691497941.076596,13.03636368775432,10.338982212660188,2.697381475094133
1691497946.1054049,13.036670302761035,10.339397236012625,2.6972730667484104
1691497951.113886,13.037364747433056,10.340336536743493,2.697028210689563
1691497956.162697,13.037500741574483,10.340875175657226,2.696625565917257
1691497961.2047713,13.038818732292102,10.341065281561413,2.697753450730689
1691497966.2385588,13.04014919930273,10.34086558619153,2.6992836131112004
1691497971.2666898,13.040566680716083,10.339504686621654,2.701061994094429
1691497976.2954614,13.041556452197554,10.338924834732598,2.702631617464956
1691497981.3396294,13.042153716774742,10.338405880257724,2.7037478365170173
1691497986.3785212,13.043200652526087,10.33822277294378,2.704977879582307
1691497991.388454,13.04367723288285,10.338026643429945,2.7056505894529046
1691497996.4406092,13.044729785147164,10.33740192447619,2.707327860670974
1691498001.4800982,13.04511304701068,10.337293824283316,2.7078192227273643
1691498006.511903,13.044992998541945,10.337249877208993,2.7077431213329515
1691498011.53744,13.044752143765283,10.336423470115731,2.708328673649552
1691498016.5640733,13.044951400824418,10.336256833948887,2.708694566875531
1691498021.590763,13.044446205949393,10.336628664830195,2.707817541119198
1691498026.6095443,13.043706922244287,10.337376467764395,2.7063304544798914
1691498031.657801,13.043328722898298,10.338352304546252,2.7049764183520466
1691498036.7076957,13.042817655659965,10.338938637954055,2.70387901770591
1691498041.7564712,13.04261781686019,10.339822832599719,2.7027949842604713
1691498046.7798803,13.042487929682666,10.339970644737335,2.7025172849453316
1691498051.826742,13.042834196448021,10.340240983820555,2.702593212627466
1691498056.846282,13.042860588106148,10.340598409979647,2.7022621781265013
1691498061.8717933,13.043016616601877,10.340884681198752,2.7021319354031252
1691498066.8854082,13.043382674417407,10.340843004124878,2.702539670292529
1691498071.937041,13.043441571820809,10.340700948318945,2.702740623501864
1691498076.976181,13.043544199650452,10.340941133657655,2.702603065992797
1691498082.0038166,13.043870415400194,10.34047570432624,2.7033947110739547
1691498087.034143,13.044235930769018,10.339869023990099,2.704366906778919
1691498092.0722437,13.044877766168613,10.339408989408916,2.7054687767596963
1691498097.0855598,13.045232892281662,10.33969248828273,2.705540403998933
1691498102.1256511,13.04525015381902,10.339785385918626,2.705464767900395
1691498107.1373956,13.045146395001792,10.34003868008607,2.705107714915721
1691498112.152315,13.044569641842541,10.340064159448064,2.7045054823944774
1691498117.188379,13.044548957805134,10.340055264888393,2.7044936929167402
1691498122.2294738,13.044878952707613,10.340392432252283,2.7044865204553297
1691498127.2392979,13.045204108795726,10.339965623809825,2.7052384849859017
1691498132.2595298,13.04595393209589,10.339989923238468,2.7059640088574213
1691498137.3100638,13.046139122687258,10.33985901531286,2.7062801073743987
1691498142.3357437,13.046577729600362,10.340199747842941,2.70637798175742
1691498147.3716102,13.04656647850128,10.33995337540899,2.7066131030922893
1691498152.3791866,13.046013362490289,10.339453652554694,2.706559709935595
1691498157.427633,13.045995228656642,10.33902076551508,2.7069744631415613
1691498162.4694808,13.045429263798425,10.338934407475973,2.7064948563224522
1691498167.5111387,13.045031292314702,10.338543452557886,2.706487839756816
1691498172.531247,13.04494287904771,10.338479071832769,2.7064638072149414
1691498177.5497525,13.044590626423709,10.33840067037909,2.7061899560446196
1691498182.574304,13.044446521891333,10.337882253535183,2.70656426835615
1691498187.622638,13.044222270126552,10.338606632869263,2.7056156372572886
1691498192.656371,13.043635075711453,10.338405037484483,2.7052300382269703
1691498197.6905625,13.043595519594891,10.338887888053968,2.7047076315409235
1691498202.698823,13.043656891523515,10.339327989716733,2.7043289018067824
1691498207.7398887,13.044152598199787,10.33947241581464,2.7046801823851467
1691498212.774396,13.04507026036283,10.33917782210931,2.705892438253521
1691498217.8172984,13.04578272655608,10.338505330637897,2.707277395918183
1691498222.8273623,13.047092505522423,10.336872203071431,2.710220302450992
1691498227.8675025,13.048213189996538,10.335776198826439,2.712436991170099
1691498232.8775399,13.04849140047974,10.335118660236947,2.713372740242793
1691498237.9192743,13.048724103163668,10.334297362394146,2.7144267407695217
1691498242.92869,13.049355985995636,10.333836891516064,2.7155190944795713
1691498247.9673045,13.049258797963716,10.332781689184987,2.7164771087787294
1691498253.0078473,13.049910905455485,10.332196671656616,2.717714233798869
1691498258.0541935,13.049808839299034,10.331550884518995,2.7182579547800394
1691498263.1060948,13.049458671056522,10.331319230765013,2.718139440291509
1691498268.1299543,13.048740103287273,10.331410981981785,2.7173291213054878
1691498273.158003,13.047358676868763,10.332183659448464,2.7151750174202984
1691498278.1733384,13.046325123446703,10.332609015987613,2.7137161074590903
1691498283.205614,13.045807913498313,10.333289073986204,2.712518839512109
1691498288.223778,13.045307698903818,10.334004913433528,2.7113027854702896
1691498293.2521756,13.04471317847052,10.334496199596249,2.7102169788742714
1691498298.2619326,13.04461013650404,10.334963711825933,2.709646424678107
1691498303.3004541,13.043457542960635,10.335555888797417,2.7079016541632175
1691498308.3112895,13.043330967278347,10.335378974910451,2.707951992367896
1691498313.3440065,13.042355647241903,10.335587945136933,2.7067677021049708
1691498318.3974817,13.042429312420266,10.335304534158734,2.707124778261532
1691498323.4366846,13.042474007965643,10.334835480199207,2.707638527766436
1691498328.4426358,13.042534337239767,10.335058641956644,2.7074756952831223
1691498333.4840305,13.042864737301782,10.33448329234127,2.708381444960512
1691498338.5108767,13.042722140907463,10.334967997450997,2.707754143456466
1691498343.5567658,13.042225053359456,10.33600217778735,2.706222875572106
1691498348.5772498,13.04221859387551,10.336387883427745,2.7058307104477652
1691498353.617139,13.04283129269367,10.336365080193671,2.7064662124999987
1691498358.6712668,13.043041104066189,10.33626547239263,2.7067756316735583
1691498363.7190766,13.043792852263802,10.335929353872682,2.70786349839112
1691498368.7485669,13.044636216979784,10.335978633793117,2.7086575831866675
1691498373.766993,13.045988451850722,10.335411862320118,2.7105765895306035
1691498378.808392,13.046926959517375,10.334244978650394,2.7126819808669804
1691498383.8580096,13.047442533008454,10.333837577380738,2.7136049556277158
1691498388.881257,13.048037312957703,10.333945622325134,2.7140916906325696
1691498393.9306204,13.048775589516525,10.33433691049375,2.7144386790227752
1691498398.9543295,13.048994608219429,10.333803357521397,2.715191250698032
1691498403.9906213,13.049020157746332,10.332924039489857,2.716096118256475
1691498409.0340672,13.048797554666232,10.332667787550852,2.7161297671153797
1691498414.0492444,13.04895606658305,10.33222660179598,2.71672946478707
1691498419.0612078,13.048629977816137,10.332158932981088,2.7164710448350498
1691498424.080031,13.049069319741811,10.332530085485878,2.716539234255933
1691498429.1020045,13.04792732071831,10.332628166109657,2.715299154608653
1691498434.1317978,13.046669262075795,10.33375968973504,2.712909572340756
1691498439.1773114,13.045596445971906,10.335143403654143,2.710453042317763
1691498444.217104,13.045430769999872,10.335658950991196,2.709771819008676
1691498449.2346296,13.045549019137633,10.335229948452678,2.710319070684955
1691498454.2857115,13.04563205414138,10.33427121374026,2.7113608404011202
1691498459.318752,13.046547445147091,10.333644784087905,2.7129026610591858
1691498464.3594072,13.046372375412233,10.334186250409148,2.7121861250030843
1691498469.3662014,13.046388753022399,10.334267389052808,2.7121213639695902
1691498474.373951,13.045974885095754,10.334897940987366,2.711076944108388
1691498479.4074223,13.045541962139461,10.334875797807113,2.7106661643323484
1691498484.426261,13.044941053587447,10.335061587945876,2.7098794656415706
1691498489.4414415,13.046162103726743,10.335593478358984,2.7105686253677597
1691498494.4709375,13.046685300989346,10.33474653415599,2.711938766833356
1691498499.5006168,13.047177918946916,10.33388352878352,2.713294390163396
1691498504.5408554,13.047258804546223,10.333564044848815,2.7136947596974075
1691498509.5892577,13.04665358236649,10.333714165053017,2.712939417313473
1691498514.5984268,13.04612825688521,10.333855285547648,2.712272971337562
1691498519.614978,13.045684465479134,10.334096129783951,2.7115883356951826
1691498524.6331594,13.045353936549752,10.333720893820836,2.7116330427289164
1691498529.678725,13.045320021026384,10.33387191747096,2.7114481035554245
1691498534.6983423,13.045137114290817,10.33349595085843,2.711641163432388
1691498539.7156277,13.045844806583567,10.334210045014133,2.7116347615694334
1691498544.7357872,13.046016965152289,10.334534580421614,2.711482384730674
1691498549.7492123,13.04550252142398,10.33461432249739,2.7108881989265896
1691498554.7900586,13.045887402721123,10.334984729594384,2.710902673126739
1691498559.8091946,13.045277431660422,10.335184568819404,2.7100928628410177
1691498564.8440561,13.044589770750186,10.334846311163885,2.709743459586301
1691498569.8539557,13.043848406570097,10.334779236470776,2.709069170099321
1691498574.8644536,13.043501970454313,10.334908018587667,2.7085939518666464
1691498579.9064229,13.04279962067705,10.335307136821637,2.707492483855413
1691498584.9555247,13.04287524866137,10.335225433610399,2.7076498150509707
1691498589.9896157,13.042736065256841,10.334553200006745,2.7081828652500963
1691498595.0305486,13.042471119376893,10.334204524248785,2.7082665951281086
1691498600.0595562,13.042087787862942,10.333338959399338,2.7087488284636034
1691498605.104414,13.04147661898278,10.33238441906509,2.7090921999176913
1691498610.1405056,13.040484226532607,10.331205674493088,2.7092785520395193
1691498615.1842787,13.039277240571543,10.330367559486174,2.7089096810853697
1691498620.1928272,13.038862870168915,10.329410051455564,2.70945281871335
1691498625.211755,13.038338013737757,10.32878900780127,2.7095490059364877
1691498630.2205617,13.038030174643724,10.327877924610545,2.710152250033179
1691498635.2639735,13.037844720904666,10.326762603538379,2.7110821173662867
1691498640.3084836,13.036851942764034,10.325024475885419,2.7118274668786153
1691498645.35862,13.035954892034777,10.323650509655366,2.7123043823794113
1691498650.3883305,13.035225499149453,10.32275101837295,2.7124744807765033
1691498655.428289,13.034376602770829,10.321804927235476,2.7125716755353526
1691498660.4678447,13.0332442448436,10.321218485694068,2.7120257591495314
1691498665.5163982,13.033102044079579,10.320831830146295,2.7122702139332837
1691498670.5240335,13.032744508187522,10.321091847260869,2.711652660926653
1691498675.533649,13.033141607156676,10.321543145398776,2.7115984617579
1691498680.570239,13.033040658229934,10.32206529706129,2.7109753611686447
1691498685.6173642,13.03366272306652,10.32215594333052,2.711506779736
1691498690.642978,13.033662662960486,10.322031942659665,2.711630720300821
1691498695.6517282,13.033161492098765,10.321829522881215,2.71133196921755
1691498700.6783302,13.033778107441101,10.322105378389404,2.7116727290516973
1691498705.7158864,13.03408601576823,10.322581017512599,2.7115049982556307
1691498710.767409,13.034293791447272,10.322738233089412,2.71155555835786
1691498715.7750711,13.034528979404937,10.322344994241456,2.712183985163481
1691498720.8315573,13.034314073474077,10.321411666399614,2.7129024070744627
1691498725.8421898,13.036665959695036,10.319673552021634,2.716992407673402
1691498730.864848,13.043261498383497,10.318179900600061,2.7250815977834364
1691498735.8984427,13.048124396316286,10.316255342988102,2.731869053328184
1691498740.9309902,13.052509803204314,10.31400574545794,2.7385040577463737
1691498745.9785228,13.055014793109484,10.313541810634332,2.741472982475152
1691498751.0120935,13.058416453104858,10.314847622060947,2.743568831043911
1691498756.0666249,13.061837426924564,10.316356652200328,2.7454807747242356
1691498761.1031687,13.064547489904156,10.317384542024504,2.7471629478796515
1691498766.124785,13.067009145253614,10.318281096116182,2.7487280491374317
1691498771.1344051,13.069683585712717,10.31929452370875,2.7503890620039666
1691498776.1719642,13.072218032561038,10.3204027535345,2.7518152790265376
1691498781.1995494,13.075041788857085,10.321693654858194,2.753348133998891
1691498786.2381072,13.075154159266493,10.323956933609876,2.7511972256566164
1691498791.2627292,13.071103039056858,10.325687008473773,2.745416030583085
1691498796.2923102,13.06867882905812,10.327441937067823,2.7412368919902974
1691498801.2979255,13.067232478220527,10.330164081986304,2.737068396234223
1691498806.3225195,13.066638246597881,10.331145878013396,2.7354923685844845
1691498811.3426764,13.06605980158231,10.33074236285731,2.7353174387250014
1691498816.411197,13.065640544927268,10.330335103718584,2.735305441208684
1691498821.432573,13.065458094925617,10.32984627652443,2.7356118184011873
1691498826.4738402,13.065591639342642,10.329190502363511,2.736401136979131
1691498831.5127227,13.065539407080227,10.328725113396619,2.736814293683608
1691498836.5429463,13.065788763220748,10.328649122839627,2.7371396403811215
1691498841.5706372,13.066169753350907,10.328398500865866,2.7377712524850413
1691498846.6014335,13.065597124386638,10.327965632015038,2.7376314923716
1691498851.6116352,13.065282844953124,10.327564627548657,2.737718217404467
1691498856.6444042,13.064847871790773,10.327613138762555,2.7372347330282185
1691498861.6505318,13.064790499835894,10.326965608699618,2.7378248911362757
1691498866.689064,13.064791121675961,10.32622008458788,2.7385710370880805
1691498871.7267692,13.064500181709313,10.325555652297107,2.7389445294122066
1691498876.7558777,13.064436200994635,10.325246293936976,2.739189907057659
1691498881.7768657,13.063957186843982,10.324849104854637,2.739108081989345
1691498886.7941427,13.063719911872676,10.324355654126343,2.739364257746333
1691498891.8360426,13.063331318542447,10.323725602027256,2.7396057165151912
1691498896.8486202,13.062756129829232,10.323025650207365,2.7397304796218673
1691498901.8813686,13.061842905175038,10.322136745369361,2.7397061598056762
1691498906.9200745,13.061720942602928,10.322086229582473,2.7396347130204557
1691498911.9410403,13.06179250949525,10.322531910380627,2.7392605991146226
1691498916.9582407,13.062080772008214,10.322304313527257,2.739776458480957
1691498921.9642131,13.063363559283927,10.319991428381636,2.7433721309022907
1691498926.9911532,13.065999717620768,10.31926964235613,2.7467300752646384
1691498932.0282338,13.068242035617237,10.31899315300879,2.7492488826084465
1691498937.0542715,13.069017265743522,10.316826005555466,2.752191260188056
1691498942.1051376,13.069536751373906,10.317050531235703,2.752486220138204
1691498947.147928,13.069496154082582,10.317363501574448,2.752132652508134
1691498952.1698375,13.069982792907014,10.318179678985313,2.751803113921701
1691498957.1768286,13.070276008912678,10.319291586633133,2.7509844222795454
1691498962.2222872,13.070852208283712,10.32008274925377,2.750769459029943
1691498967.2372708,13.071401733488566,10.32031696155547,2.7510847719330958
1691498972.2877617,13.071082903610444,10.32063361127521,2.750449292335233
1691498977.3157005,13.070700576498464,10.321673527417413,2.7490270490810502
1691498982.3437045,13.06921989403065,10.324857530277821,2.7443623637528294
1691498987.354685,13.066542855947272,10.326463963646912,2.7400788923003603
1691498992.3778396,13.064879604479895,10.327843464738274,2.7370361397416207
1691498997.4018924,13.06472691603635,10.330276190207574,2.7344507258287756
1691499002.4594896,13.064647949080323,10.329985409251135,2.7346625398291877
1691499007.4673984,13.064693516984654,10.330170371218472,2.7345231457661825
1691499012.479309,13.064841136036003,10.329636764782531,2.735204371253472
1691499017.5184946,13.064767886321784,10.32889569037538,2.7358721959464045
1691499022.5686595,13.0648548192067,10.328868653763376,2.7359861654433235
1691499027.6073205,13.06486894291376,10.328571371846305,2.736297571067455
1691499032.6460133,13.065427285280855,10.32764389109763,2.737783394183225
1691499037.681775,13.065838436220284,10.326851642307682,2.738986793912602
1691499042.7230003,13.065655648495103,10.32577842700126,2.739877221493842
1691499047.7598734,13.065673640914028,10.32530125427717,2.7403723866368583
1691499052.7826371,13.06565967974793,10.325002822188893,2.7406568575590367
1691499057.792464,13.065223643570661,10.324841097282109,2.7403825462885525
1691499062.813726,13.064908482161165,10.324471958040851,2.740436524120314
1691499067.8379893,13.064755524644925,10.323640813738868,2.741114710906057
1691499072.8570728,13.064484351673187,10.32432977918643,2.740154572486757
1691499077.8679228,13.064410917534879,10.324893920705811,2.7395169968290674
1691499082.8915823,13.064565751040641,10.3248035339901,2.739762217050542
1691499087.9222348,13.064699387123056,10.324742091300557,2.7399572958224994
1691499092.968884,13.064626967104196,10.324422237123246,2.7402047299809507
1691499098.0012326,13.064685791279768,10.32512290882166,2.7395628824581078
1691499103.05089,13.064723429180683,10.326431244316923,2.7382921848637594
1691499108.076121,13.064786477886285,10.327093109947105,2.7376933679391797
1691499113.094579,13.06475974344479,10.327903985452192,2.7368557579925987
1691499118.1399188,13.064741784054425,10.328731372366667,2.736010411687758
1691499123.1490734,13.065244463531052,10.329475008088856,2.7357694554421954
1691499128.1900053,13.065704794620002,10.329762212947788,2.735942581672214
1691499133.2374792,13.066011211155221,10.32906991704375,2.736941294111471
1691499138.242201,13.066215111753447,10.328124128418503,2.738090983334944
1691499143.2553997,13.066150965956961,10.327749686468474,2.738401279488487
1691499148.2935038,13.06610267808923,10.327570828077317,2.7385318500119133
1691499153.3427744,13.065817092841463,10.327604854982958,2.738212237858505
1691499158.380569,13.065547565051611,10.326618465397823,2.738929099653788
1691499163.4108562,13.065512824077125,10.325134371092586,2.7403784529845385
1691499168.4184313,13.064859243057573,10.323721324870018,2.7411379181875546
1691499173.4292212,13.064939648507037,10.323199846614637,2.7417398018924004
1691499178.4817011,13.065221032165052,10.322179786085709,2.7430412460793434
1691499183.4983602,13.06541522189803,10.322217538002826,2.743197683895204
1691499188.5424366,13.065451870448161,10.322927675376219,2.742524195071942
1691499193.5746946,13.065586679334944,10.323486517204598,2.7421001621303454
1691499198.6118143,13.065473546180616,10.3244226425375,2.7410509036431154
1691499203.6600401,13.065488614187352,10.325982207532089,2.739506406655263
1691499208.677128,13.065648343035912,10.326635019373084,2.739013323662828
1691499213.7334056,13.065891151691464,10.326951480854108,2.7389396708373557
1691499218.782493,13.06607982029888,10.327810175669988,2.7382696446288914
1691499223.8109202,13.066100384782247,10.32855880096302,2.737541583819228
1691499228.8196516,13.0665610183708,10.330257686307077,2.7363033320637236
1691499233.865791,13.06661045511042,10.330374936048871,2.736235519061548
1691499238.9120688,13.066537545995121,10.330503225913686,2.736034320081435
1691499243.9457712,13.066259856518087,10.330699125610957,2.73556073090713
1691499248.9845834,13.06622673244819,10.330521950213207,2.7357047822349827
1691499253.989904,13.066081785097477,10.33005400879034,2.7360277763071377
1691499258.9969783,13.065983526185592,10.329328081608677,2.7366554445769147
1691499264.0394125,13.065235847836753,10.328013081715497,2.7372227661212563
1691499269.0609896,13.064333214447949,10.327055903155362,2.737277311292587
1691499274.0784297,13.064272235595224,10.326644266714297,2.7376279688809273
1691499279.1172602,13.06398225415483,10.32651390289411,2.73746835126072
1691499284.1317942,13.06408689027976,10.326362203537292,2.737724686742469
1691499289.1840951,13.063584602346644,10.324915365607946,2.7386692367386978
1691499294.2230406,13.062904183122317,10.324992503621099,2.7379116795012184
1691499299.2338116,13.06229742493211,10.326177323026142,2.7361201019059678
1691499304.2683244,13.062333828633394,10.32614849318148,2.736185335451914
1691499309.316709,13.06190334893405,10.326181946158053,2.7357214027759973
1691499314.338558,13.06164851343166,10.325635312091114,2.736013201340546
1691499319.3636355,13.061565670858537,10.325480167601164,2.7360855032573728
1691499324.4141736,13.061771794711047,10.325264690471336,2.7365071042397116
1691499329.455742,13.062365229842763,10.325282565412715,2.737082664430048
1691499334.461247,13.062470718432182,10.325450751785883,2.737019966646299
1691499339.4742374,13.062546443746166,10.324670283267007,2.737876160479159
1691499344.507832,13.062575104919583,10.32501994219767,2.737555162721913
1691499349.5188253,13.063001656203545,10.32643920295993,2.7365624532436144
1691499354.5332053,13.063573177081151,10.325973078238512,2.7376000988426394
1691499359.5819,13.06421407313801,10.32505940535194,2.739154667786069
1691499364.5921705,13.064381924626424,10.325119537099933,2.739262387526491
1691499369.6366947,13.064602306006304,10.325759001447572,2.7388433045587313
1691499374.649627,13.064288034246141,10.327254550221252,2.7370334840248898
1691499379.6690035,13.064943610834877,10.327790856246342,2.7371527545885357
1691499384.6878066,13.065015386473478,10.328579452015958,2.7364359344575195
1691499389.7207553,13.065251437851733,10.32917351771919,2.7360779201325443
1691499394.7295535,13.065484890999947,10.32977924347655,2.735705647523398
1691499399.7432013,13.065618867247794,10.330249371959631,2.735369495288163
1691499404.7781587,13.06610398555289,10.330230844312455,2.735873141240436
1691499409.831499,13.066122701007489,10.329539981105418,2.7365827199020707
1691499414.8519516,13.06616078130099,10.32969529978845,2.736465481512541
1691499419.897324,13.066328151213153,10.329649402264787,2.736678748948366
1691499424.9297874,13.066382531080365,10.329294459098552,2.7370880719818125
1691499429.9368207,13.066309782661092,10.328440833246583,2.7378689494145085
1691499434.975189,13.06667341623449,10.327230049728444,2.7394433665060465
1691499439.9815438,13.06645355617089,10.326636888489379,2.739816667681511
1691499444.9886072,13.066172218666507,10.326055813952578,2.7401164047139286
1691499449.9964316,13.06577259512196,10.325739777765735,2.7400328173562247
1691499455.0292132,13.065568792225253,10.324910449875228,2.7406583423500255
1691499460.0672517,13.065614097314308,10.32387202237603,2.741742074938278
1691499465.0752614,13.064734706163788,10.322508045459646,2.7422266607041426
1691499470.0885897,13.064619116664739,10.321539358417997,2.7430797582467417
1691499475.1113632,13.065615307416541,10.31867961327013,2.746935694146412
1691499480.1446643,13.067878969969428,10.318040164300061,2.7498388056693663
1691499485.1883228,13.069379689272417,10.317731696741081,2.7516479925313355
1691499490.2175052,13.071143529747712,10.317470150272193,2.7536733794755186
1691499495.2626815,13.071080781669782,10.31759706120606,2.7534837204637217
1691499500.3010082,13.07089554608604,10.318304769815775,2.7525907762702655
1691499505.3074932,13.071244447311015,10.319303321667293,2.7519411256437216
1691499510.3511322,13.071248427144674,10.319836509159552,2.7514119179851217
1691499515.383513,13.071205748760072,10.320373782561562,2.7508319661985094
1691499520.4313354,13.071663315729234,10.320873290085554,2.7507900256436795
1691499525.4778821,13.071961577882744,10.321650779268513,2.7503107986142314
1691499530.5102017,13.071777348929867,10.323158267272605,2.748619081657262
1691499535.542597,13.070531637582528,10.325458795800301,2.7450728417822265
1691499540.5927598,13.068002157545,10.325276798372661,2.742725359172338
1691499545.6053925,13.066662169519152,10.325530382312463,2.7411317872066885
1691499550.6513398,13.064715455256522,10.325865426577748,2.7388500286787743
1691499555.6778233,13.06466248840318,10.325453196830203,2.739209291572976
1691499560.6910193,13.064704845474969,10.324517010903877,2.740187834571092
1691499565.7110915,13.0643441132992,10.323147160398394,2.741196952900806
1691499570.7581706,13.06412931127004,10.322024260834034,2.742105050436006
1691499575.7635493,13.06379585281122,10.321508908068928,2.7422869447422915
1691499580.813177,13.063686860159356,10.322492838877508,2.7411940212818475
1691499585.858748,13.063601209936953,10.32291250107474,2.740688708862214
1691499590.8768067,13.06403760803736,10.322782381410027,2.7412552266273327
1691499595.9193647,13.064001259398708,10.323057831511747,2.740943427886961
1691499600.9668143,13.063941583356371,10.323667415217313,2.7402741681390577
1691499605.9947166,13.063877291162125,10.323707015519922,2.7401702756422033
1691499611.042612,13.064029264977998,10.323584255567715,2.7404450094102835
1691499616.0898798,13.064063122516357,10.323895525239472,2.7401675972768853
1691499621.1320438,13.064507700925432,10.324688706190214,2.7398189947352183
1691499626.1830907,13.065010038449,10.32580942724883,2.73920061120017
1691499631.2171686,13.065761242209367,10.32721065127551,2.7385505909338566
1691499636.2654922,13.06621380666655,10.327718425788346,2.738495380878204
1691499641.2832735,13.066254467472898,10.328209605032434,2.7380448624404643
1691499646.288688,13.066680594984197,10.328742746115882,2.737937848868315
1691499651.3390243,13.06687243679212,10.329439895692905,2.7374325410992153
1691499656.3447766,13.067259751543315,10.33053965933082,2.7367200922124955
1691499661.3877633,13.067586550829605,10.331503069565489,2.7360834812641155
1691499666.4319303,13.068271784407228,10.332998537330289,2.7352732470769396
1691499671.4794905,13.068872748394655,10.334186695260282,2.7346860531343733
1691499676.4952183,13.069306300694448,10.335597489295422,2.733708811399026
1691499681.5243492,13.06982983853083,10.336662778624634,2.7331670599061955
1691499686.5702288,13.070605017112634,10.336620628723827,2.733984388388807
1691499691.620056,13.071360916512988,10.337288047479436,2.734072869033552
1691499696.662273,13.072077098038362,10.337973297487931,2.7341038005504306
1691499701.7059684,13.07254302450047,10.338184621671106,2.734358402829365
1691499706.741286,13.073171962916614,10.338407327817283,2.7347646350993315
1691499711.7805748,13.073745541405728,10.338803009910103,2.7349425314956246
1691499716.8257928,13.07456697042663,10.338864710607679,2.735702259818952
1691499721.8336241,13.07510298980584,10.33913871752895,2.73596427227689
1691499726.8663208,13.075774415070253,10.339002246953202,2.736772168117051
1691499731.881544,13.076540323364876,10.339708355657852,2.7368319677070243
1691499736.891049,13.077831491379426,10.33981110908189,2.7380203822975364
1691499741.9165323,13.078201440216587,10.33810579582161,2.7400956443949767
1691499746.931055,13.07853203905035,10.337253588559854,2.741278450490496
1691499751.9445827,13.07901573106465,10.335719581840593,2.743296149224058
1691499756.9761045,13.079208480648374,10.332695773687508,2.746512706960866
1691499761.9821043,13.080179574368882,10.329905285368879,2.7502742890000036
1691499766.9954588,13.080478627945372,10.328303497931966,2.7521751300134056
1691499772.038945,13.080630576165168,10.325294836446805,2.7553357397183635
1691499777.0487819,13.080823492833217,10.322308671178934,2.7585148216542823
1691499782.05423,13.081199419288641,10.319779205802009,2.761420213486632
1691499787.071399,13.081198716988299,10.317036984208853,2.7641617327794457
1691499792.1033828,13.080749113245533,10.314183086407503,2.7665660268380297
1691499797.14162,13.080385443934256,10.311434470920299,2.7689509730139577
1691499802.166516,13.080473820557723,10.310568962810898,2.769904857746825
1691499807.2145133,13.080331830259668,10.309735951817046,2.770595878442622
1691499812.24803,13.08075796065497,10.30921498896608,2.7715429716888913
1691499817.2577784,13.081007357813196,10.309725031283875,2.7712823265293203
1691499822.3000398,13.080562686699395,10.31032939079461,2.7702332959047844
1691499827.317638,13.080277195676842,10.309534583820563,2.7707426118562797
1691499832.3319018,13.080599063485634,10.309226192754934,2.7713728707306995
1691499837.3716347,13.080860286895888,10.309505195740316,2.7713550911555718
1691499842.4070344,13.081310176116082,10.310134303458993,2.771175872657089
1691499847.4270623,13.081510478827953,10.311225100237905,2.7702853785900476
1691499852.4464161,13.082253615102616,10.311971416877464,2.7702821982251518
1691499857.4675994,13.082503467664038,10.312760924521282,2.7697425431427565
1691499862.5118783,13.082529690284712,10.314764376166563,2.767765314118149
1691499867.5254984,13.08266093715954,10.31652326309573,2.7661376740638097
1691499872.5740275,13.082564654151817,10.317491257945026,2.765073396206791
1691499877.595627,13.082582074869997,10.318894970798084,2.763687104071913
1691499882.6381714,13.082872933499884,10.319511129710204,2.76336180378968
1691499887.654785,13.08315730641108,10.319527151974574,2.7636301544365054
1691499892.703314,13.083033582717855,10.320387347549843,2.7626462351680114
1691499898.9755778,13.083159886557342,10.321013961454296,2.762145925103045
